{"cameraMode":{"drawMode":0,"name":"Shaded","section":"Shading Mode"},"sceneLighting":false,"audioPlay":false,"sceneViewState":{"m_AlwaysRefresh":false,"showFog":true,"showSkybox":true,"showFlares":true,"showImageEffects":true,"showParticleSystems":true,"showVisualEffectGraphs":true,"m_FxEnabled":true},"in2DMode":false,"pivot":{"x":10.466168403625489,"y":7.9014573097229,"z":-5.787548065185547},"rotation":{"x":-0.024910995736718179,"y":0.0005842646351084113,"z":-0.000027193793357582763,"w":-0.9998427629470825},"size":11.925186157226563,"orthographic":false}