{"cameraMode":{"drawMode":0,"name":"Shaded","section":"Shading Mode"},"sceneLighting":false,"audioPlay":false,"sceneViewState":{"m_AlwaysRefresh":false,"showFog":true,"showSkybox":true,"showFlares":true,"showImageEffects":true,"showParticleSystems":true,"showVisualEffectGraphs":true,"m_FxEnabled":true},"in2DMode":false,"pivot":{"x":3.620037794113159,"y":4.424896240234375,"z":-14.092033386230469},"rotation":{"x":0.021533312276005746,"y":-0.07103652507066727,"z":-0.001580462441779673,"w":-0.9973699450492859},"size":0.6762284636497498,"orthographic":false}