{"cameraMode":{"drawMode":0,"name":"Shaded","section":"Shading Mode"},"sceneLighting":false,"audioPlay":false,"sceneViewState":{"m_AlwaysRefresh":false,"showFog":true,"showSkybox":true,"showFlares":true,"showImageEffects":true,"showParticleSystems":true,"showVisualEffectGraphs":true,"m_FxEnabled":true},"in2DMode":false,"pivot":{"x":-0.08308833837509155,"y":7.133368492126465,"z":-10.420561790466309},"rotation":{"x":-0.03825090080499649,"y":-0.3489435315132141,"z":0.01420658640563488,"w":-0.9363911151885986},"size":0.35585424304008486,"orthographic":false}