{"cameraMode":{"drawMode":0,"name":"Shaded","section":"Shading Mode"},"sceneLighting":false,"audioPlay":false,"sceneViewState":{"m_AlwaysRefresh":false,"showFog":true,"showSkybox":true,"showFlares":true,"showImageEffects":true,"showParticleSystems":true,"showVisualEffectGraphs":true,"m_FxEnabled":true},"in2DMode":false,"pivot":{"x":10.981249809265137,"y":3.3723268508911135,"z":9.932929992675782},"rotation":{"x":-0.023709792643785478,"y":-0.011413916945457459,"z":0.0002581737644504756,"w":-0.999806821346283},"size":11.925186157226563,"orthographic":false}