{"cameraMode":{"drawMode":0,"name":"Shaded","section":"Shading Mode"},"sceneLighting":false,"audioPlay":false,"sceneViewState":{"m_AlwaysRefresh":false,"showFog":true,"showSkybox":true,"showFlares":true,"showImageEffects":true,"showParticleSystems":true,"showVisualEffectGraphs":true,"m_FxEnabled":true},"in2DMode":false,"pivot":{"x":7.322929859161377,"y":5.148900032043457,"z":-12.850192070007325},"rotation":{"x":0.003889842191711068,"y":-0.01741534285247326,"z":-0.00008664642518851906,"w":-0.999986469745636},"size":4.644674777984619,"orthographic":false}