{"cameraMode":{"drawMode":0,"name":"Shaded","section":"Shading Mode"},"sceneLighting":false,"audioPlay":false,"sceneViewState":{"m_AlwaysRefresh":false,"showFog":true,"showSkybox":true,"showFlares":true,"showImageEffects":true,"showParticleSystems":true,"showVisualEffectGraphs":true,"m_FxEnabled":true},"in2DMode":false,"pivot":{"x":-5.983257293701172,"y":8.824785232543946,"z":-7.856564998626709},"rotation":{"x":-0.05396685004234314,"y":-0.34893375635147097,"z":0.020090755075216295,"w":-0.9355089664459229},"size":0.35585424304008486,"orthographic":false}