{"cameraMode":{"drawMode":0,"name":"Shaded","section":"Shading Mode"},"sceneLighting":false,"audioPlay":false,"sceneViewState":{"m_AlwaysRefresh":false,"showFog":true,"showSkybox":true,"showFlares":true,"showImageEffects":true,"showParticleSystems":true,"showVisualEffectGraphs":true,"m_FxEnabled":true},"in2DMode":false,"pivot":{"x":5.871978282928467,"y":5.719502925872803,"z":-4.6281585693359379},"rotation":{"x":0.016786372289061548,"y":-0.024311240762472154,"z":-0.0004269451310392469,"w":-0.9997072815895081},"size":4.691989421844482,"orthographic":false}