{"cameraMode":{"drawMode":0,"name":"Shaded","section":"Shading Mode"},"sceneLighting":false,"audioPlay":false,"sceneViewState":{"m_AlwaysRefresh":false,"showFog":true,"showSkybox":true,"showFlares":true,"showImageEffects":true,"showParticleSystems":true,"showVisualEffectGraphs":true,"m_FxEnabled":true},"in2DMode":false,"pivot":{"x":1.3871705532073975,"y":6.730287075042725,"z":-11.405144691467286},"rotation":{"x":-0.012010782025754452,"y":-0.010203815065324307,"z":0.00008914703357731923,"w":-0.9999966621398926},"size":1.9714617729187012,"orthographic":false}