{"cameraMode":{"drawMode":0,"name":"Shaded","section":"Shading Mode"},"sceneLighting":false,"audioPlay":false,"sceneViewState":{"m_AlwaysRefresh":false,"showFog":true,"showSkybox":true,"showFlares":true,"showImageEffects":true,"showParticleSystems":true,"showVisualEffectGraphs":true,"m_FxEnabled":true},"in2DMode":false,"pivot":{"x":-0.6268957853317261,"y":9.130711555480957,"z":-47.70203399658203},"rotation":{"x":0.18486523628234864,"y":-0.027710141614079477,"z":-0.005243497435003519,"w":-0.9824674129486084},"size":8.011041641235352,"orthographic":false}