{"cameraMode":{"drawMode":0,"name":"Shaded","section":"Shading Mode"},"sceneLighting":false,"audioPlay":false,"sceneViewState":{"m_AlwaysRefresh":false,"showFog":true,"showSkybox":true,"showFlares":true,"showImageEffects":true,"showParticleSystems":true,"showVisualEffectGraphs":true,"m_FxEnabled":true},"in2DMode":false,"pivot":{"x":14.012812614440918,"y":-1.1346036195755005,"z":-4.4486823081970219},"rotation":{"x":-0.039501216262578967,"y":-0.07249113917350769,"z":0.002847192343324423,"w":-0.9966936707496643},"size":0.8926785588264465,"orthographic":false}