{"cameraMode":{"drawMode":0,"name":"Shaded","section":"Shading Mode"},"sceneLighting":false,"audioPlay":false,"sceneViewState":{"m_AlwaysRefresh":false,"showFog":true,"showSkybox":true,"showFlares":true,"showImageEffects":true,"showParticleSystems":true,"showVisualEffectGraphs":true,"m_FxEnabled":true},"in2DMode":false,"pivot":{"x":5.3016676902771,"y":6.704516887664795,"z":13.52323055267334},"rotation":{"x":-0.031209483742713929,"y":0.0005840737139806151,"z":-0.000031240932003129274,"w":-0.9996657371520996},"size":11.925186157226563,"orthographic":false}