{"cameraMode":{"drawMode":0,"name":"Shaded","section":"Shading Mode"},"sceneLighting":false,"audioPlay":false,"sceneViewState":{"m_AlwaysRefresh":false,"showFog":true,"showSkybox":true,"showFlares":true,"showImageEffects":true,"showParticleSystems":true,"showVisualEffectGraphs":true,"m_FxEnabled":true},"in2DMode":false,"pivot":{"x":0.4493488371372223,"y":8.708202362060547,"z":-13.413898468017579},"rotation":{"x":-0.14105640351772309,"y":-0.03712775185704231,"z":0.005268396809697151,"w":-0.9894167184829712},"size":0.35585424304008486,"orthographic":false}