{"cameraMode":{"drawMode":0,"name":"Shaded","section":"Shading Mode"},"sceneLighting":false,"audioPlay":false,"sceneViewState":{"m_AlwaysRefresh":false,"showFog":true,"showSkybox":true,"showFlares":true,"showImageEffects":true,"showParticleSystems":true,"showVisualEffectGraphs":true,"m_FxEnabled":true},"in2DMode":false,"pivot":{"x":-2.2126576900482179,"y":2.110311508178711,"z":-17.9262638092041},"rotation":{"x":-0.03960046544671059,"y":-0.013794323429465294,"z":0.0005199543084017932,"w":-0.9992347955703735},"size":0.8926785588264465,"orthographic":false}