{"cameraMode":{"drawMode":0,"name":"Shaded","section":"Shading Mode"},"sceneLighting":false,"audioPlay":false,"sceneViewState":{"m_AlwaysRefresh":false,"showFog":true,"showSkybox":true,"showFlares":true,"showImageEffects":true,"showParticleSystems":true,"showVisualEffectGraphs":true,"m_FxEnabled":true},"in2DMode":false,"pivot":{"x":7.044219017028809,"y":5.343997001647949,"z":-12.848231315612793},"rotation":{"x":0.014391710981726647,"y":-0.0024137261789292099,"z":-0.00005378732748795301,"w":-1.0000388622283936},"size":4.644674777984619,"orthographic":false}