{"cameraMode":{"drawMode":0,"name":"Shaded","section":"Shading Mode"},"sceneLighting":false,"audioPlay":false,"sceneViewState":{"m_AlwaysRefresh":false,"showFog":true,"showSkybox":true,"showFlares":true,"showImageEffects":true,"showParticleSystems":true,"showVisualEffectGraphs":true,"m_FxEnabled":true},"in2DMode":false,"pivot":{"x":0.29659777879714968,"y":-1.0506762266159058,"z":-7.162367820739746},"rotation":{"x":-0.031185971572995187,"y":-0.03897954151034355,"z":0.0011879821540787817,"w":-0.9988720417022705},"size":1.9714617729187012,"orthographic":false}