{"cameraMode":{"drawMode":0,"name":"Shaded","section":"Shading Mode"},"sceneLighting":false,"audioPlay":false,"sceneViewState":{"m_AlwaysRefresh":false,"showFog":true,"showSkybox":true,"showFlares":true,"showImageEffects":true,"showParticleSystems":true,"showVisualEffectGraphs":true,"m_FxEnabled":true},"in2DMode":false,"pivot":{"x":0.927932858467102,"y":-0.9470550417900086,"z":-6.022669315338135},"rotation":{"x":-0.00840719137340784,"y":-0.03299988806247711,"z":0.00024824810680001974,"w":-0.9995390176773071},"size":1.9714617729187012,"orthographic":false}