{"cameraMode":{"drawMode":0,"name":"Shaded","section":"Shading Mode"},"sceneLighting":false,"audioPlay":false,"sceneViewState":{"m_AlwaysRefresh":false,"showFog":true,"showSkybox":true,"showFlares":true,"showImageEffects":true,"showParticleSystems":true,"showVisualEffectGraphs":true,"m_FxEnabled":true},"in2DMode":false,"pivot":{"x":-0.6655566692352295,"y":4.93707799911499,"z":-19.144315719604493},"rotation":{"x":-0.05276183784008026,"y":-0.03415433317422867,"z":0.0017751993145793677,"w":-0.9981411099433899},"size":1.9714617729187012,"orthographic":false}