{"cameraMode":{"drawMode":0,"name":"Shaded","section":"Shading Mode"},"sceneLighting":false,"audioPlay":false,"sceneViewState":{"m_AlwaysRefresh":false,"showFog":true,"showSkybox":true,"showFlares":true,"showImageEffects":true,"showParticleSystems":true,"showVisualEffectGraphs":true,"m_FxEnabled":true},"in2DMode":false,"pivot":{"x":6.256480693817139,"y":8.900242805480957,"z":-9.200135231018067},"rotation":{"x":-0.03719775378704071,"y":-0.021900653839111329,"z":0.000799996021669358,"w":-0.9992076754570007},"size":0.6192142367362976,"orthographic":false}