{"cameraMode":{"drawMode":0,"name":"Shaded","section":"Shading Mode"},"sceneLighting":false,"audioPlay":false,"sceneViewState":{"m_AlwaysRefresh":false,"showFog":true,"showSkybox":true,"showFlares":true,"showImageEffects":true,"showParticleSystems":true,"showVisualEffectGraphs":true,"m_FxEnabled":true},"in2DMode":false,"pivot":{"x":0.6529339551925659,"y":8.803276062011719,"z":-13.438947677612305},"rotation":{"x":-0.07190941274166107,"y":-0.18358054757118226,"z":0.013435076922178269,"w":-0.9804059863090515},"size":0.35585424304008486,"orthographic":false}