{"cameraMode":{"drawMode":0,"name":"Shaded","section":"Shading Mode"},"sceneLighting":false,"audioPlay":false,"sceneViewState":{"m_AlwaysRefresh":false,"showFog":true,"showSkybox":true,"showFlares":true,"showImageEffects":true,"showParticleSystems":true,"showVisualEffectGraphs":true,"m_FxEnabled":true},"in2DMode":false,"pivot":{"x":7.802517890930176,"y":6.0833516120910648,"z":-5.325644016265869},"rotation":{"x":0.01439177617430687,"y":0.0020864128600806,"z":0.000010383647349954117,"w":-1.0000394582748414},"size":4.691989421844482,"orthographic":false}