{"cameraMode":{"drawMode":0,"name":"Shaded","section":"Shading Mode"},"sceneLighting":false,"audioPlay":false,"sceneViewState":{"m_AlwaysRefresh":false,"showFog":true,"showSkybox":true,"showFlares":true,"showImageEffects":true,"showParticleSystems":true,"showVisualEffectGraphs":true,"m_FxEnabled":true},"in2DMode":false,"pivot":{"x":7.517649173736572,"y":5.343997001647949,"z":-12.862593650817871},"rotation":{"x":0.014385669492185116,"y":-0.027911171317100526,"z":-0.0004202165000606328,"w":-0.9996520280838013},"size":4.644674777984619,"orthographic":false}