{"cameraMode":{"drawMode":0,"name":"Shaded","section":"Shading Mode"},"sceneLighting":false,"audioPlay":false,"sceneViewState":{"m_AlwaysRefresh":false,"showFog":true,"showSkybox":true,"showFlares":true,"showImageEffects":true,"showParticleSystems":true,"showVisualEffectGraphs":true,"m_FxEnabled":true},"in2DMode":false,"pivot":{"x":13.821244239807129,"y":10.251463890075684,"z":4.194924354553223},"rotation":{"x":0.008391166105866433,"y":-0.003914135508239269,"z":-0.00005259338649921119,"w":-1.0001027584075928},"size":12.782915115356446,"orthographic":false}