{"cameraMode":{"drawMode":0,"name":"Shaded","section":"Shading Mode"},"sceneLighting":false,"audioPlay":false,"sceneViewState":{"m_AlwaysRefresh":false,"showFog":true,"showSkybox":true,"showFlares":true,"showImageEffects":true,"showParticleSystems":true,"showVisualEffectGraphs":true,"m_FxEnabled":true},"in2DMode":false,"pivot":{"x":6.0680742263793949,"y":4.361552715301514,"z":6.028277397155762},"rotation":{"x":-0.024256763979792596,"y":0.9640936255455017,"z":-0.09460165351629257,"w":-0.24730251729488374},"size":0.7320019006729126,"orthographic":false}