{"cameraMode":{"drawMode":0,"name":"Shaded","section":"Shading Mode"},"sceneLighting":false,"audioPlay":false,"sceneViewState":{"m_AlwaysRefresh":false,"showFog":true,"showSkybox":true,"showFlares":true,"showImageEffects":true,"showParticleSystems":true,"showVisualEffectGraphs":true,"m_FxEnabled":true},"in2DMode":false,"pivot":{"x":0.299191951751709,"y":2.7209086418151857,"z":-9.079255104064942},"rotation":{"x":-0.08006656914949417,"y":-0.14511841535568238,"z":0.011777079664170742,"w":-0.9861892461776733},"size":8.011041641235352,"orthographic":false}