{"cameraMode":{"drawMode":0,"name":"Shaded","section":"Shading Mode"},"sceneLighting":false,"audioPlay":false,"sceneViewState":{"m_AlwaysRefresh":false,"showFog":true,"showSkybox":true,"showFlares":true,"showImageEffects":true,"showParticleSystems":true,"showVisualEffectGraphs":true,"m_FxEnabled":true},"in2DMode":false,"pivot":{"x":7.272544860839844,"y":5.461396217346191,"z":-12.856226921081543},"rotation":{"x":0.020389247685670854,"y":-0.01471201702952385,"z":-0.0003187152906320989,"w":-0.9998278021812439},"size":4.691989421844482,"orthographic":false}