{"cameraMode":{"drawMode":0,"name":"Shaded","section":"Shading Mode"},"sceneLighting":false,"audioPlay":false,"sceneViewState":{"m_AlwaysRefresh":false,"showFog":true,"showSkybox":true,"showFlares":true,"showImageEffects":true,"showParticleSystems":true,"showVisualEffectGraphs":true,"m_FxEnabled":true},"in2DMode":false,"pivot":{"x":6.97613525390625,"y":1.0952792167663575,"z":12.163772583007813},"rotation":{"x":-0.01201107632368803,"y":-0.0066160475835204128,"z":0.00006718830263707787,"w":-1.000056505203247},"size":11.925186157226563,"orthographic":false}