{"cameraMode":{"drawMode":0,"name":"Shaded","section":"Shading Mode"},"sceneLighting":false,"audioPlay":false,"sceneViewState":{"m_AlwaysRefresh":false,"showFog":true,"showSkybox":true,"showFlares":true,"showImageEffects":true,"showParticleSystems":true,"showVisualEffectGraphs":true,"m_FxEnabled":true},"in2DMode":false,"pivot":{"x":0.5977761149406433,"y":-1.079583764076233,"z":-10.20221996307373},"rotation":{"x":-0.026377009227871896,"y":-0.05096961930394173,"z":0.0013124385150149465,"w":-0.9984641075134277},"size":0.8926785588264465,"orthographic":false}