{"cameraMode":{"drawMode":0,"name":"Shaded","section":"Shading Mode"},"sceneLighting":false,"audioPlay":false,"sceneViewState":{"m_AlwaysRefresh":false,"showFog":true,"showSkybox":true,"showFlares":true,"showImageEffects":true,"showParticleSystems":true,"showVisualEffectGraphs":true,"m_FxEnabled":true},"in2DMode":false,"pivot":{"x":-1.8300508260726929,"y":0.6960594058036804,"z":7.913486480712891},"rotation":{"x":-0.011410180479288102,"y":-0.0051017156802117828,"z":0.000052549712563632056,"w":-1.0000134706497193},"size":12.12435531616211,"orthographic":false}