{"cameraMode":{"drawMode":0,"name":"Shaded","section":"Shading Mode"},"sceneLighting":false,"audioPlay":false,"sceneViewState":{"m_AlwaysRefresh":false,"showFog":true,"showSkybox":true,"showFlares":true,"showImageEffects":true,"showParticleSystems":true,"showVisualEffectGraphs":true,"m_FxEnabled":true},"in2DMode":false,"pivot":{"x":1.498447060585022,"y":-1.1537513732910157,"z":1.7449076175689698},"rotation":{"x":-0.001074463245458901,"y":0.9971617460250855,"z":-0.07493742555379868,"w":-0.014659428037703038},"size":3.777721881866455,"orthographic":false}