{"cameraMode":{"drawMode":0,"name":"Shaded","section":"Shading Mode"},"sceneLighting":false,"audioPlay":false,"sceneViewState":{"m_AlwaysRefresh":false,"showFog":true,"showSkybox":true,"showFlares":true,"showImageEffects":true,"showParticleSystems":true,"showVisualEffectGraphs":true,"m_FxEnabled":true},"in2DMode":false,"pivot":{"x":8.555209159851075,"y":3.506547212600708,"z":2.4073944091796877},"rotation":{"x":-0.07704365253448487,"y":-0.005400028545409441,"z":0.0003976330335717648,"w":-0.9971586465835571},"size":15.059587478637696,"orthographic":false}