{"cameraMode":{"drawMode":0,"name":"Shaded","section":"Shading Mode"},"sceneLighting":false,"audioPlay":false,"sceneViewState":{"m_AlwaysRefresh":false,"showFog":true,"showSkybox":true,"showFlares":true,"showImageEffects":true,"showParticleSystems":true,"showVisualEffectGraphs":true,"m_FxEnabled":true},"in2DMode":false,"pivot":{"x":-2.546189785003662,"y":2.925323486328125,"z":0.23701345920562745},"rotation":{"x":-0.035403989255428317,"y":-0.008097543381154538,"z":0.0002815306361299008,"w":-0.9994285106658936},"size":12.12435531616211,"orthographic":false}