Using pre-set license
Built from '2022.3/staging' branch; Version is '2022.3.23f1 (dbb3f7c5b5c6) revision 14398455'; Using compiler version '192829333'; Build Type 'Release'
OS: 'Windows 11  (10.0.26100) 64bit Core' Language: 'en' Physical Memory: 16051 MB
BatchMode: 1, IsHumanControllingUs: 0, StartBugReporterOnCrash: 0, Is64bit: 1, IsPro: 1

COMMAND LINE ARGUMENTS:
C:\Program Files\Unity\Hub\Editor\2022.3.23f1\Editor\Unity.exe
-adb2
-batchMode
-noUpm
-name
AssetImportWorker0
-projectPath
C:/GIT_FILES/Groove_2024/Groove_2024
-logFile
Logs/AssetImportWorker0.log
-srvPort
53261
Successfully changed project path to: C:/GIT_FILES/Groove_2024/Groove_2024
C:/GIT_FILES/Groove_2024/Groove_2024
[UnityMemory] Configuration Parameters - Can be set up in boot.config
    "memorysetup-bucket-allocator-granularity=16"
    "memorysetup-bucket-allocator-bucket-count=8"
    "memorysetup-bucket-allocator-block-size=33554432"
    "memorysetup-bucket-allocator-block-count=8"
    "memorysetup-main-allocator-block-size=16777216"
    "memorysetup-thread-allocator-block-size=16777216"
    "memorysetup-gfx-main-allocator-block-size=16777216"
    "memorysetup-gfx-thread-allocator-block-size=16777216"
    "memorysetup-cache-allocator-block-size=4194304"
    "memorysetup-typetree-allocator-block-size=2097152"
    "memorysetup-profiler-bucket-allocator-granularity=16"
    "memorysetup-profiler-bucket-allocator-bucket-count=8"
    "memorysetup-profiler-bucket-allocator-block-size=33554432"
    "memorysetup-profiler-bucket-allocator-block-count=8"
    "memorysetup-profiler-allocator-block-size=16777216"
    "memorysetup-profiler-editor-allocator-block-size=1048576"
    "memorysetup-temp-allocator-size-main=16777216"
    "memorysetup-job-temp-allocator-block-size=2097152"
    "memorysetup-job-temp-allocator-block-size-background=1048576"
    "memorysetup-job-temp-allocator-reduction-small-platforms=262144"
    "memorysetup-allocator-temp-initial-block-size-main=262144"
    "memorysetup-allocator-temp-initial-block-size-worker=262144"
    "memorysetup-temp-allocator-size-background-worker=32768"
    "memorysetup-temp-allocator-size-job-worker=262144"
    "memorysetup-temp-allocator-size-preload-manager=33554432"
    "memorysetup-temp-allocator-size-nav-mesh-worker=65536"
    "memorysetup-temp-allocator-size-audio-worker=65536"
    "memorysetup-temp-allocator-size-cloud-worker=32768"
    "memorysetup-temp-allocator-size-gi-baking-worker=262144"
    "memorysetup-temp-allocator-size-gfx=262144"
Player connection [1624] Host "[IP] 0.0.0.0 [Port] 0 [Flags] 2 [Guid] 3837960488 [EditorId] 3837960488 [Version] 1048832 [Id] WindowsEditor(7,ChrisLaptop) [Debug] 1 [PackageName] WindowsEditor [ProjectName] Editor" joined multi-casting on [225.0.0.222:54997]...

Player connection [1624] Host "[IP] 0.0.0.0 [Port] 0 [Flags] 2 [Guid] 3837960488 [EditorId] 3837960488 [Version] 1048832 [Id] WindowsEditor(7,ChrisLaptop) [Debug] 1 [PackageName] WindowsEditor [ProjectName] Editor" joined alternative multi-casting on [225.0.0.222:34997]...

[Physics::Module] Initialized MultithreadedJobDispatcher with 15 workers.
Refreshing native plugins compatible for Editor in 5.82 ms, found 3 plugins.
Preloading 0 native plugins for Editor in 0.00 ms.
Initialize engine version: 2022.3.23f1 (dbb3f7c5b5c6)
[Subsystems] Discovering subsystems at path C:/Program Files/Unity/Hub/Editor/2022.3.23f1/Editor/Data/Resources/UnitySubsystems
[Subsystems] Discovering subsystems at path C:/GIT_FILES/Groove_2024/Groove_2024/Assets
GfxDevice: creating device client; threaded=0; jobified=0
Direct3D:
    Version:  Direct3D 11.0 [level 11.1]
    Renderer: NVIDIA GeForce RTX 3050 Ti Laptop GPU (ID=0x25a0)
    Vendor:   NVIDIA
    VRAM:     3962 MB
    Driver:   32.0.15.7703
Initialize mono
Mono path[0] = 'C:/Program Files/Unity/Hub/Editor/2022.3.23f1/Editor/Data/Managed'
Mono path[1] = 'C:/Program Files/Unity/Hub/Editor/2022.3.23f1/Editor/Data/MonoBleedingEdge/lib/mono/unityjit-win32'
Mono config path = 'C:/Program Files/Unity/Hub/Editor/2022.3.23f1/Editor/Data/MonoBleedingEdge/etc'
Using monoOptions --debugger-agent=transport=dt_socket,embedding=1,server=y,suspend=n,address=127.0.0.1:56284
Begin MonoManager ReloadAssembly
Registering precompiled unity dll's ...
Register platform support module: C:/Program Files/Unity/Hub/Editor/2022.3.23f1/Editor/Data/PlaybackEngines/WindowsStandaloneSupport/UnityEditor.WindowsStandalone.Extensions.dll
Registered in 0.003751 seconds.
- Loaded All Assemblies, in  0.273 seconds
Native extension for WindowsStandalone target not found
Mono: successfully reloaded assembly
- Finished resetting the current domain, in  0.235 seconds
Domain Reload Profiling: 508ms
	BeginReloadAssembly (83ms)
		ExecutionOrderSort (0ms)
		DisableScriptedObjects (0ms)
		BackupInstance (0ms)
		ReleaseScriptingObjects (0ms)
		CreateAndSetChildDomain (1ms)
	RebuildCommonClasses (27ms)
	RebuildNativeTypeToScriptingClass (8ms)
	initialDomainReloadingComplete (45ms)
	LoadAllAssembliesAndSetupDomain (110ms)
		LoadAssemblies (81ms)
		RebuildTransferFunctionScriptingTraits (0ms)
		AnalyzeDomain (108ms)
			TypeCache.Refresh (107ms)
				TypeCache.ScanAssembly (96ms)
			ScanForSourceGeneratedMonoScriptInfo (0ms)
			ResolveRequiredComponents (0ms)
	FinalizeReload (236ms)
		ReleaseScriptCaches (0ms)
		RebuildScriptCaches (0ms)
		SetupLoadedEditorAssemblies (185ms)
			LogAssemblyErrors (0ms)
			InitializePlatformSupportModulesInManaged (8ms)
			SetLoadedEditorAssemblies (7ms)
			RefreshPlugins (0ms)
			BeforeProcessingInitializeOnLoad (2ms)
			ProcessInitializeOnLoadAttributes (129ms)
			ProcessInitializeOnLoadMethodAttributes (39ms)
			AfterProcessingInitializeOnLoad (0ms)
			EditorAssembliesLoaded (0ms)
		ExecutionOrderSort2 (0ms)
		AwakeInstancesAfterBackupRestoration (0ms)
========================================================================
Worker process is ready to serve import requests
Begin MonoManager ReloadAssembly
Symbol file data-00000159A0F37050 doesn't match image C:\GIT_FILES\Groove_2024\Groove_2024\Library\ScriptAssemblies\Unity.EditorCoroutines.Editor.dll
Symbol file LoadedFromMemory is not a mono symbol file
Symbol file data-0000015B5E7B1010 doesn't match image C:\GIT_FILES\Groove_2024\Groove_2024\Library\ScriptAssemblies\Unity.PlasticSCM.Editor.dll
Symbol file LoadedFromMemory is not a mono symbol file
Symbol file data-00000159A0F37050 doesn't match image C:\GIT_FILES\Groove_2024\Groove_2024\Library\ScriptAssemblies\Unity.ProBuilder.Stl.dll
Symbol file LoadedFromMemory is not a mono symbol file
Symbol file data-0000015B5E986EF0 doesn't match image C:\GIT_FILES\Groove_2024\Groove_2024\Library\ScriptAssemblies\Unity.ProBuilder.dll
Symbol file LoadedFromMemory is not a mono symbol file
Symbol file data-0000015B5F1F6030 doesn't match image C:\GIT_FILES\Groove_2024\Groove_2024\Library\ScriptAssemblies\Unity.Timeline.Editor.dll
Symbol file LoadedFromMemory is not a mono symbol file
Symbol file data-00000159A0F37050 doesn't match image C:\GIT_FILES\Groove_2024\Groove_2024\Library\ScriptAssemblies\Unity.VisualScripting.Shared.Editor.dll
Symbol file LoadedFromMemory is not a mono symbol file
Symbol file data-00000159A1125450 doesn't match image C:\GIT_FILES\Groove_2024\Groove_2024\Library\ScriptAssemblies\Unity.CollabProxy.Editor.dll
Symbol file LoadedFromMemory is not a mono symbol file
Symbol file data-00000159A08982D0 doesn't match image C:\GIT_FILES\Groove_2024\Groove_2024\Library\ScriptAssemblies\Unity.VisualStudio.Editor.dll
Symbol file LoadedFromMemory is not a mono symbol file
Symbol file data-00000159A08982D0 doesn't match image C:\GIT_FILES\Groove_2024\Groove_2024\Library\ScriptAssemblies\UnityEditor.UI.dll
Symbol file LoadedFromMemory is not a mono symbol file
Symbol file data-0000015B5E2A0080 doesn't match image C:\GIT_FILES\Groove_2024\Groove_2024\Library\ScriptAssemblies\Unity.VisualScripting.Core.dll
Symbol file LoadedFromMemory is not a mono symbol file
Symbol file data-00000159A0FE9220 doesn't match image C:\GIT_FILES\Groove_2024\Groove_2024\Library\ScriptAssemblies\UnityEngine.UI.dll
Symbol file LoadedFromMemory is not a mono symbol file
Symbol file data-0000015B5F1F6030 doesn't match image C:\GIT_FILES\Groove_2024\Groove_2024\Library\ScriptAssemblies\Unity.VisualScripting.Core.Editor.dll
Symbol file LoadedFromMemory is not a mono symbol file
Symbol file data-00000159A1125450 doesn't match image C:\GIT_FILES\Groove_2024\Groove_2024\Library\ScriptAssemblies\Unity.ProBuilder.AddOns.Editor.dll
Symbol file LoadedFromMemory is not a mono symbol file
Symbol file data-00000159A0FE9220 doesn't match image C:\GIT_FILES\Groove_2024\Groove_2024\Library\ScriptAssemblies\Unity.Rider.Editor.dll
Symbol file LoadedFromMemory is not a mono symbol file
Symbol file data-00000159A0DB7C30 doesn't match image C:\GIT_FILES\Groove_2024\Groove_2024\Library\ScriptAssemblies\Unity.ProBuilder.Csg.dll
Symbol file LoadedFromMemory is not a mono symbol file
Symbol file data-00000159A05F0080 doesn't match image C:\GIT_FILES\Groove_2024\Groove_2024\Library\ScriptAssemblies\UnityEditor.TestRunner.dll
Symbol file LoadedFromMemory is not a mono symbol file
Symbol file data-00000159A05F0080 doesn't match image C:\GIT_FILES\Groove_2024\Groove_2024\Library\ScriptAssemblies\Unity.VisualScripting.Flow.dll
Symbol file LoadedFromMemory is not a mono symbol file
Symbol file data-00000159A05F0080 doesn't match image C:\GIT_FILES\Groove_2024\Groove_2024\Library\ScriptAssemblies\Unity.VisualScripting.Flow.Editor.dll
Symbol file LoadedFromMemory is not a mono symbol file
Symbol file data-00000159A0613E90 doesn't match image C:\GIT_FILES\Groove_2024\Groove_2024\Library\ScriptAssemblies\Unity.Timeline.dll
Symbol file LoadedFromMemory is not a mono symbol file
Symbol file data-00000159A0F37050 doesn't match image C:\GIT_FILES\Groove_2024\Groove_2024\Library\ScriptAssemblies\Unity.TestTools.CodeCoverage.Editor.OpenCover.Mono.Reflection.dll
Symbol file LoadedFromMemory is not a mono symbol file
Symbol file data-00000159A105E010 doesn't match image C:\GIT_FILES\Groove_2024\Groove_2024\Library\ScriptAssemblies\Unity.ProBuilder.Editor.dll
Symbol file LoadedFromMemory is not a mono symbol file
Symbol file data-00000159A0942060 doesn't match image C:\GIT_FILES\Groove_2024\Groove_2024\Library\ScriptAssemblies\Unity.VisualScripting.SettingsProvider.Editor.dll
Symbol file LoadedFromMemory is not a mono symbol file
Symbol file data-00000159A0613E90 doesn't match image C:\GIT_FILES\Groove_2024\Groove_2024\Library\ScriptAssemblies\Unity.Performance.Profile-Analyzer.Editor.dll
Symbol file LoadedFromMemory is not a mono symbol file
Symbol file data-0000015B5F258240 doesn't match image C:\GIT_FILES\Groove_2024\Groove_2024\Library\ScriptAssemblies\Unity.TestTools.CodeCoverage.Editor.dll
Symbol file LoadedFromMemory is not a mono symbol file
Symbol file data-0000015B5ECC87D0 doesn't match image C:\GIT_FILES\Groove_2024\Groove_2024\Library\ScriptAssemblies\Unity.TestTools.CodeCoverage.Editor.OpenCover.Model.dll
Symbol file LoadedFromMemory is not a mono symbol file
Symbol file data-00000159A109F420 doesn't match image C:\GIT_FILES\Groove_2024\Groove_2024\Library\ScriptAssemblies\Unity.ProBuilder.Poly2Tri.dll
Symbol file LoadedFromMemory is not a mono symbol file
Symbol file data-0000015B5F258240 doesn't match image C:\GIT_FILES\Groove_2024\Groove_2024\Library\ScriptAssemblies\UnityEngine.TestRunner.dll
Symbol file LoadedFromMemory is not a mono symbol file
Symbol file data-00000159A109F420 doesn't match image C:\GIT_FILES\Groove_2024\Groove_2024\Library\ScriptAssemblies\Unity.VisualScripting.State.Editor.dll
Symbol file LoadedFromMemory is not a mono symbol file
Symbol file data-0000015B5ECC87D0 doesn't match image C:\GIT_FILES\Groove_2024\Groove_2024\Library\ScriptAssemblies\Unity.Settings.Editor.dll
Symbol file LoadedFromMemory is not a mono symbol file
Symbol file data-0000015B5ECC87D0 doesn't match image C:\GIT_FILES\Groove_2024\Groove_2024\Library\ScriptAssemblies\Unity.ProBuilder.KdTree.dll
Symbol file LoadedFromMemory is not a mono symbol file
Symbol file data-00000159A215F030 doesn't match image C:\GIT_FILES\Groove_2024\Groove_2024\Library\ScriptAssemblies\Unity.TextMeshPro.dll
Symbol file LoadedFromMemory is not a mono symbol file
Symbol file data-00000159A2197A40 doesn't match image C:\GIT_FILES\Groove_2024\Groove_2024\Library\ScriptAssemblies\Unity.TextMeshPro.Editor.dll
Symbol file LoadedFromMemory is not a mono symbol file
Symbol file data-0000015B5F261450 doesn't match image C:\GIT_FILES\Groove_2024\Groove_2024\Library\ScriptAssemblies\Unity.ProBuilder.AssetIdRemapUtility.dll
Symbol file LoadedFromMemory is not a mono symbol file
Symbol file data-00000159A124D430 doesn't match image C:\GIT_FILES\Groove_2024\Groove_2024\Library\ScriptAssemblies\Unity.VisualScripting.State.dll
Symbol file LoadedFromMemory is not a mono symbol file
Symbol file data-0000015B5E2D96A0 doesn't match image C:\GIT_FILES\Groove_2024\Groove_2024\Library\ScriptAssemblies\Unity.VSCode.Editor.dll
Symbol file LoadedFromMemory is not a mono symbol file
- Loaded All Assemblies, in  0.535 seconds
Refreshing native plugins compatible for Editor in 1.85 ms, found 3 plugins.
Native extension for WindowsStandalone target not found
Package Manager log level set to [2]
[Package Manager] Server::EnsureServerProcessIsRunning -- launch failed, reason: Unity was launched with the -noUpm command-line argument
[Package Manager] UpmClient::Send -- Unable to send message (not connected to UPM process).
[Package Manager] Cannot connect to Unity Package Manager local server
Mono: successfully reloaded assembly
- Finished resetting the current domain, in  0.558 seconds
Domain Reload Profiling: 1092ms
	BeginReloadAssembly (124ms)
		ExecutionOrderSort (0ms)
		DisableScriptedObjects (4ms)
		BackupInstance (0ms)
		ReleaseScriptingObjects (0ms)
		CreateAndSetChildDomain (17ms)
	RebuildCommonClasses (25ms)
	RebuildNativeTypeToScriptingClass (8ms)
	initialDomainReloadingComplete (32ms)
	LoadAllAssembliesAndSetupDomain (344ms)
		LoadAssemblies (274ms)
		RebuildTransferFunctionScriptingTraits (0ms)
		AnalyzeDomain (146ms)
			TypeCache.Refresh (126ms)
				TypeCache.ScanAssembly (113ms)
			ScanForSourceGeneratedMonoScriptInfo (13ms)
			ResolveRequiredComponents (5ms)
	FinalizeReload (559ms)
		ReleaseScriptCaches (0ms)
		RebuildScriptCaches (0ms)
		SetupLoadedEditorAssemblies (435ms)
			LogAssemblyErrors (0ms)
			InitializePlatformSupportModulesInManaged (6ms)
			SetLoadedEditorAssemblies (4ms)
			RefreshPlugins (0ms)
			BeforeProcessingInitializeOnLoad (77ms)
			ProcessInitializeOnLoadAttributes (327ms)
			ProcessInitializeOnLoadMethodAttributes (17ms)
			AfterProcessingInitializeOnLoad (4ms)
			EditorAssembliesLoaded (0ms)
		ExecutionOrderSort2 (0ms)
		AwakeInstancesAfterBackupRestoration (5ms)
Launched and connected shader compiler UnityShaderCompiler.exe after 0.03 seconds
Refreshing native plugins compatible for Editor in 3.83 ms, found 3 plugins.
Preloading 0 native plugins for Editor in 0.00 ms.
Unloading 3487 Unused Serialized files (Serialized files now loaded: 0)
Unloading 37 unused Assets / (123.5 KB). Loaded Objects now: 3969.
Memory consumption went from 154.6 MB to 154.5 MB.
Total: 4.318800 ms (FindLiveObjects: 0.266800 ms CreateObjectMapping: 0.275600 ms MarkObjects: 3.577500 ms  DeleteObjects: 0.197200 ms)

AssetImportParameters requested are different than current active one (requested -> active):
  custom:container-demuxer-ogg: 62fdf1f143b41e24485cea50d1cbac27 -> 
  custom:video-decoder-ogg-theora: a1e56fd34408186e4bbccfd4996cb3dc -> 
  custom:framework-win-MediaFoundation: 216162199b28c13a410421893ffa2e32 -> 
  custom:CustomObjectIndexerAttribute: 9a22284fe3817be447336de3de66b15e -> 
  custom:container-demuxer-webm: 4f35f7cbe854078d1ac9338744f61a02 -> 
  custom:container-muxer-webm: aa71ff27fc2769a1b78a27578f13a17b -> 
  custom:video-decoder-webm-vp8: 9c59270c3fd7afecdb556c50c9e8de78 -> 
  custom:SearchIndexIgnoredProperties: e643bd26f0fe6173181afceb89e7c659 -> 
  custom:AudioImporter_EditorPlatform: d09bf68614088b80899f8185d706f6e7 -> 
  custom:video-encoder-webm-vp8: eb34c28f22e8b96e1ab97ce403110664 -> 
  custom:audio-decoder-ogg-vorbis: bf7c407c2cedff20999df2af8eb42d56 -> 
  custom:audio-encoder-webm-vorbis: bf7c407c2cedff20999df2af8eb42d56 -> 
========================================================================
Received Import Request.
  Time since last request: 680096.127223 seconds.
  path: Assets/BoardObjects/Default/Squircle.prefab
  artifactKey: Guid(6d365cebee360e743845e604c040f4eb) Importer(815301076,1909f56bfc062723c751e8b465ee728b)
Start importing Assets/BoardObjects/Default/Squircle.prefab using Guid(6d365cebee360e743845e604c040f4eb) Importer(815301076,1909f56bfc062723c751e8b465ee728b)  -> (artifact id: '0a643516d9509b8ae277426e8165ff82') in 0.188806 seconds
Number of updated asset objects reloaded before import = 0
Number of asset objects unloaded after import = 53
========================================================================
Received Import Request.
  Time since last request: 9.279474 seconds.
  path: Assets/Blank-extended-keyboard.svg.png
  artifactKey: Guid(f31e7783a71166c41abfc4f3634e664a) Importer(815301076,1909f56bfc062723c751e8b465ee728b)
Start importing Assets/Blank-extended-keyboard.svg.png using Guid(f31e7783a71166c41abfc4f3634e664a) Importer(815301076,1909f56bfc062723c751e8b465ee728b)  -> (artifact id: '2e6f9c8cfefe6e97eb32fa4cce472254') in 0.050389 seconds
Number of updated asset objects reloaded before import = 0
Number of asset objects unloaded after import = 3
========================================================================
Received Prepare
Begin MonoManager ReloadAssembly
Symbol file data-00000159A25BD010 doesn't match image C:\GIT_FILES\Groove_2024\Groove_2024\Library\ScriptAssemblies\Unity.EditorCoroutines.Editor.dll
Symbol file LoadedFromMemory is not a mono symbol file
Symbol file data-00000159ABBAE010 doesn't match image C:\GIT_FILES\Groove_2024\Groove_2024\Library\ScriptAssemblies\Unity.PlasticSCM.Editor.dll
Symbol file LoadedFromMemory is not a mono symbol file
Symbol file data-00000159A25BD010 doesn't match image C:\GIT_FILES\Groove_2024\Groove_2024\Library\ScriptAssemblies\Unity.ProBuilder.Stl.dll
Symbol file LoadedFromMemory is not a mono symbol file
Symbol file data-0000015B80565CD0 doesn't match image C:\GIT_FILES\Groove_2024\Groove_2024\Library\ScriptAssemblies\Unity.ProBuilder.dll
Symbol file LoadedFromMemory is not a mono symbol file
Symbol file data-00000159A23DD010 doesn't match image C:\GIT_FILES\Groove_2024\Groove_2024\Library\ScriptAssemblies\Unity.Timeline.Editor.dll
Symbol file LoadedFromMemory is not a mono symbol file
Symbol file data-0000015B3B6A8E20 doesn't match image C:\GIT_FILES\Groove_2024\Groove_2024\Library\ScriptAssemblies\Unity.VisualScripting.Shared.Editor.dll
Symbol file LoadedFromMemory is not a mono symbol file
Symbol file data-00000159A1125450 doesn't match image C:\GIT_FILES\Groove_2024\Groove_2024\Library\ScriptAssemblies\Unity.CollabProxy.Editor.dll
Symbol file LoadedFromMemory is not a mono symbol file
Symbol file data-0000015B5EE23F80 doesn't match image C:\GIT_FILES\Groove_2024\Groove_2024\Library\ScriptAssemblies\Unity.VisualStudio.Editor.dll
Symbol file LoadedFromMemory is not a mono symbol file
Symbol file data-00000159A25BD010 doesn't match image C:\GIT_FILES\Groove_2024\Groove_2024\Library\ScriptAssemblies\UnityEditor.UI.dll
Symbol file LoadedFromMemory is not a mono symbol file
Symbol file data-00000159AC9AE010 doesn't match image C:\GIT_FILES\Groove_2024\Groove_2024\Library\ScriptAssemblies\Unity.VisualScripting.Core.dll
Symbol file LoadedFromMemory is not a mono symbol file
Symbol file data-0000015B5EABAFB0 doesn't match image C:\GIT_FILES\Groove_2024\Groove_2024\Library\ScriptAssemblies\UnityEngine.UI.dll
Symbol file LoadedFromMemory is not a mono symbol file
Symbol file data-0000015B5F1F6030 doesn't match image C:\GIT_FILES\Groove_2024\Groove_2024\Library\ScriptAssemblies\Unity.VisualScripting.Core.Editor.dll
Symbol file LoadedFromMemory is not a mono symbol file
Symbol file data-00000159A1125450 doesn't match image C:\GIT_FILES\Groove_2024\Groove_2024\Library\ScriptAssemblies\Unity.ProBuilder.AddOns.Editor.dll
Symbol file LoadedFromMemory is not a mono symbol file
Symbol file data-00000159A25BD010 doesn't match image C:\GIT_FILES\Groove_2024\Groove_2024\Library\ScriptAssemblies\Unity.Rider.Editor.dll
Symbol file LoadedFromMemory is not a mono symbol file
Symbol file data-0000015B3B6A8E20 doesn't match image C:\GIT_FILES\Groove_2024\Groove_2024\Library\ScriptAssemblies\Unity.ProBuilder.Csg.dll
Symbol file LoadedFromMemory is not a mono symbol file
Symbol file data-00000159ABDCA030 doesn't match image C:\GIT_FILES\Groove_2024\Groove_2024\Library\ScriptAssemblies\UnityEditor.TestRunner.dll
Symbol file LoadedFromMemory is not a mono symbol file
Symbol file data-00000159A0D87220 doesn't match image C:\GIT_FILES\Groove_2024\Groove_2024\Library\ScriptAssemblies\Unity.VisualScripting.Flow.dll
Symbol file LoadedFromMemory is not a mono symbol file
Symbol file data-00000159AC09F010 doesn't match image C:\GIT_FILES\Groove_2024\Groove_2024\Library\ScriptAssemblies\Unity.VisualScripting.Flow.Editor.dll
Symbol file LoadedFromMemory is not a mono symbol file
Symbol file data-00000159A1427030 doesn't match image C:\GIT_FILES\Groove_2024\Groove_2024\Library\ScriptAssemblies\Unity.Timeline.dll
Symbol file LoadedFromMemory is not a mono symbol file
Symbol file data-00000159A243F220 doesn't match image C:\GIT_FILES\Groove_2024\Groove_2024\Library\ScriptAssemblies\Unity.TestTools.CodeCoverage.Editor.OpenCover.Mono.Reflection.dll
Symbol file LoadedFromMemory is not a mono symbol file
Symbol file data-00000159A0C47020 doesn't match image C:\GIT_FILES\Groove_2024\Groove_2024\Library\ScriptAssemblies\Unity.ProBuilder.Editor.dll
Symbol file LoadedFromMemory is not a mono symbol file
Symbol file data-00000159A25BD010 doesn't match image C:\GIT_FILES\Groove_2024\Groove_2024\Library\ScriptAssemblies\Unity.VisualScripting.SettingsProvider.Editor.dll
Symbol file LoadedFromMemory is not a mono symbol file
Symbol file data-0000015B80E1C020 doesn't match image C:\GIT_FILES\Groove_2024\Groove_2024\Library\ScriptAssemblies\Unity.Performance.Profile-Analyzer.Editor.dll
Symbol file LoadedFromMemory is not a mono symbol file
Symbol file data-00000159A26FD030 doesn't match image C:\GIT_FILES\Groove_2024\Groove_2024\Library\ScriptAssemblies\Unity.TestTools.CodeCoverage.Editor.dll
Symbol file LoadedFromMemory is not a mono symbol file
Symbol file data-0000015B80EBBA20 doesn't match image C:\GIT_FILES\Groove_2024\Groove_2024\Library\ScriptAssemblies\Unity.TestTools.CodeCoverage.Editor.OpenCover.Model.dll
Symbol file LoadedFromMemory is not a mono symbol file
Symbol file data-0000015B80BE9020 doesn't match image C:\GIT_FILES\Groove_2024\Groove_2024\Library\ScriptAssemblies\Unity.ProBuilder.Poly2Tri.dll
Symbol file LoadedFromMemory is not a mono symbol file
Symbol file data-00000159A06B8020 doesn't match image C:\GIT_FILES\Groove_2024\Groove_2024\Library\ScriptAssemblies\UnityEngine.TestRunner.dll
Symbol file LoadedFromMemory is not a mono symbol file
Symbol file data-0000015B80BE9020 doesn't match image C:\GIT_FILES\Groove_2024\Groove_2024\Library\ScriptAssemblies\Unity.VisualScripting.State.Editor.dll
Symbol file LoadedFromMemory is not a mono symbol file
Symbol file data-0000015B80EBBA20 doesn't match image C:\GIT_FILES\Groove_2024\Groove_2024\Library\ScriptAssemblies\Unity.Settings.Editor.dll
Symbol file LoadedFromMemory is not a mono symbol file
Symbol file data-0000015B80EBBA20 doesn't match image C:\GIT_FILES\Groove_2024\Groove_2024\Library\ScriptAssemblies\Unity.ProBuilder.KdTree.dll
Symbol file LoadedFromMemory is not a mono symbol file
Symbol file data-0000015B80565CD0 doesn't match image C:\GIT_FILES\Groove_2024\Groove_2024\Library\ScriptAssemblies\Unity.TextMeshPro.dll
Symbol file LoadedFromMemory is not a mono symbol file
Symbol file data-00000159A12A0010 doesn't match image C:\GIT_FILES\Groove_2024\Groove_2024\Library\ScriptAssemblies\Unity.TextMeshPro.Editor.dll
Symbol file LoadedFromMemory is not a mono symbol file
Symbol file data-0000015B8059E6E0 doesn't match image C:\GIT_FILES\Groove_2024\Groove_2024\Library\ScriptAssemblies\Unity.ProBuilder.AssetIdRemapUtility.dll
Symbol file LoadedFromMemory is not a mono symbol file
Symbol file data-00000159A0E17010 doesn't match image C:\GIT_FILES\Groove_2024\Groove_2024\Library\ScriptAssemblies\Unity.VisualScripting.State.dll
Symbol file LoadedFromMemory is not a mono symbol file
Symbol file data-00000159ABD55F00 doesn't match image C:\GIT_FILES\Groove_2024\Groove_2024\Library\ScriptAssemblies\Unity.VSCode.Editor.dll
Symbol file LoadedFromMemory is not a mono symbol file
- Loaded All Assemblies, in  0.478 seconds
Refreshing native plugins compatible for Editor in 1.88 ms, found 3 plugins.
Native extension for WindowsStandalone target not found
[Package Manager] Server::EnsureServerProcessIsRunning -- launch failed, reason: Unity was launched with the -noUpm command-line argument
[Package Manager] UpmClient::Send -- Unable to send message (not connected to UPM process).
[Package Manager] Cannot connect to Unity Package Manager local server
Mono: successfully reloaded assembly
- Finished resetting the current domain, in  0.771 seconds
Domain Reload Profiling: 1248ms
	BeginReloadAssembly (156ms)
		ExecutionOrderSort (0ms)
		DisableScriptedObjects (4ms)
		BackupInstance (0ms)
		ReleaseScriptingObjects (0ms)
		CreateAndSetChildDomain (31ms)
	RebuildCommonClasses (26ms)
	RebuildNativeTypeToScriptingClass (8ms)
	initialDomainReloadingComplete (28ms)
	LoadAllAssembliesAndSetupDomain (260ms)
		LoadAssemblies (327ms)
		RebuildTransferFunctionScriptingTraits (0ms)
		AnalyzeDomain (26ms)
			TypeCache.Refresh (9ms)
				TypeCache.ScanAssembly (0ms)
			ScanForSourceGeneratedMonoScriptInfo (7ms)
			ResolveRequiredComponents (8ms)
	FinalizeReload (772ms)
		ReleaseScriptCaches (0ms)
		RebuildScriptCaches (0ms)
		SetupLoadedEditorAssemblies (404ms)
			LogAssemblyErrors (0ms)
			InitializePlatformSupportModulesInManaged (5ms)
			SetLoadedEditorAssemblies (4ms)
			RefreshPlugins (0ms)
			BeforeProcessingInitializeOnLoad (85ms)
			ProcessInitializeOnLoadAttributes (292ms)
			ProcessInitializeOnLoadMethodAttributes (16ms)
			AfterProcessingInitializeOnLoad (4ms)
			EditorAssembliesLoaded (0ms)
		ExecutionOrderSort2 (0ms)
		AwakeInstancesAfterBackupRestoration (5ms)
Refreshing native plugins compatible for Editor in 3.56 ms, found 3 plugins.
Preloading 0 native plugins for Editor in 0.00 ms.
Unloading 3447 Unused Serialized files (Serialized files now loaded: 0)
Unloading 25 unused Assets / (96.4 KB). Loaded Objects now: 3985.
Memory consumption went from 152.4 MB to 152.3 MB.
Total: 3.723000 ms (FindLiveObjects: 0.284200 ms CreateObjectMapping: 0.176800 ms MarkObjects: 3.101500 ms  DeleteObjects: 0.159100 ms)

Prepare: number of updated asset objects reloaded= 0
AssetImportParameters requested are different than current active one (requested -> active):
  custom:container-demuxer-ogg: 62fdf1f143b41e24485cea50d1cbac27 -> 
  custom:video-decoder-ogg-theora: a1e56fd34408186e4bbccfd4996cb3dc -> 
  custom:framework-win-MediaFoundation: 216162199b28c13a410421893ffa2e32 -> 
  custom:CustomObjectIndexerAttribute: 9a22284fe3817be447336de3de66b15e -> 
  custom:container-demuxer-webm: 4f35f7cbe854078d1ac9338744f61a02 -> 
  custom:container-muxer-webm: aa71ff27fc2769a1b78a27578f13a17b -> 
  custom:video-decoder-webm-vp8: 9c59270c3fd7afecdb556c50c9e8de78 -> 
  custom:SearchIndexIgnoredProperties: e643bd26f0fe6173181afceb89e7c659 -> 
  custom:AudioImporter_EditorPlatform: d09bf68614088b80899f8185d706f6e7 -> 
  custom:video-encoder-webm-vp8: eb34c28f22e8b96e1ab97ce403110664 -> 
  custom:audio-decoder-ogg-vorbis: bf7c407c2cedff20999df2af8eb42d56 -> 
  custom:audio-encoder-webm-vorbis: bf7c407c2cedff20999df2af8eb42d56 -> 
========================================================================
Received Prepare
Begin MonoManager ReloadAssembly
Symbol file data-0000015B8068F020 doesn't match image C:\GIT_FILES\Groove_2024\Groove_2024\Library\ScriptAssemblies\Unity.EditorCoroutines.Editor.dll
Symbol file LoadedFromMemory is not a mono symbol file
Symbol file data-0000015BE1FB5010 doesn't match image C:\GIT_FILES\Groove_2024\Groove_2024\Library\ScriptAssemblies\Unity.PlasticSCM.Editor.dll
Symbol file LoadedFromMemory is not a mono symbol file
Symbol file data-0000015B80692630 doesn't match image C:\GIT_FILES\Groove_2024\Groove_2024\Library\ScriptAssemblies\Unity.ProBuilder.Stl.dll
Symbol file LoadedFromMemory is not a mono symbol file
Symbol file data-00000159ABDFA050 doesn't match image C:\GIT_FILES\Groove_2024\Groove_2024\Library\ScriptAssemblies\Unity.ProBuilder.dll
Symbol file LoadedFromMemory is not a mono symbol file
Symbol file data-00000159A10C0040 doesn't match image C:\GIT_FILES\Groove_2024\Groove_2024\Library\ScriptAssemblies\Unity.Timeline.Editor.dll
Symbol file LoadedFromMemory is not a mono symbol file
Symbol file data-0000015B80692630 doesn't match image C:\GIT_FILES\Groove_2024\Groove_2024\Library\ScriptAssemblies\Unity.VisualScripting.Shared.Editor.dll
Symbol file LoadedFromMemory is not a mono symbol file
Symbol file data-0000015B80692630 doesn't match image C:\GIT_FILES\Groove_2024\Groove_2024\Library\ScriptAssemblies\Unity.CollabProxy.Editor.dll
Symbol file LoadedFromMemory is not a mono symbol file
Symbol file data-00000159ABDCA030 doesn't match image C:\GIT_FILES\Groove_2024\Groove_2024\Library\ScriptAssemblies\Unity.VisualStudio.Editor.dll
Symbol file LoadedFromMemory is not a mono symbol file
Symbol file data-0000015B5E57D720 doesn't match image C:\GIT_FILES\Groove_2024\Groove_2024\Library\ScriptAssemblies\UnityEditor.UI.dll
Symbol file LoadedFromMemory is not a mono symbol file
Symbol file data-0000015BE1FB5010 doesn't match image C:\GIT_FILES\Groove_2024\Groove_2024\Library\ScriptAssemblies\Unity.VisualScripting.Core.dll
Symbol file LoadedFromMemory is not a mono symbol file
Symbol file data-0000015B5EABAFB0 doesn't match image C:\GIT_FILES\Groove_2024\Groove_2024\Library\ScriptAssemblies\UnityEngine.UI.dll
Symbol file LoadedFromMemory is not a mono symbol file
Symbol file data-0000015B5EAE8FC0 doesn't match image C:\GIT_FILES\Groove_2024\Groove_2024\Library\ScriptAssemblies\Unity.VisualScripting.Core.Editor.dll
Symbol file LoadedFromMemory is not a mono symbol file
Symbol file data-0000015B80692630 doesn't match image C:\GIT_FILES\Groove_2024\Groove_2024\Library\ScriptAssemblies\Unity.ProBuilder.AddOns.Editor.dll
Symbol file LoadedFromMemory is not a mono symbol file
Symbol file data-0000015B5E57D720 doesn't match image C:\GIT_FILES\Groove_2024\Groove_2024\Library\ScriptAssemblies\Unity.Rider.Editor.dll
Symbol file LoadedFromMemory is not a mono symbol file
Symbol file data-0000015B5E57D720 doesn't match image C:\GIT_FILES\Groove_2024\Groove_2024\Library\ScriptAssemblies\Unity.ProBuilder.Csg.dll
Symbol file LoadedFromMemory is not a mono symbol file
Symbol file data-00000159AC74E030 doesn't match image C:\GIT_FILES\Groove_2024\Groove_2024\Library\ScriptAssemblies\UnityEditor.TestRunner.dll
Symbol file LoadedFromMemory is not a mono symbol file
Symbol file data-00000159ABDFA050 doesn't match image C:\GIT_FILES\Groove_2024\Groove_2024\Library\ScriptAssemblies\Unity.VisualScripting.Flow.dll
Symbol file LoadedFromMemory is not a mono symbol file
Symbol file data-00000159AC09F010 doesn't match image C:\GIT_FILES\Groove_2024\Groove_2024\Library\ScriptAssemblies\Unity.VisualScripting.Flow.Editor.dll
Symbol file LoadedFromMemory is not a mono symbol file
Symbol file data-00000159A1427030 doesn't match image C:\GIT_FILES\Groove_2024\Groove_2024\Library\ScriptAssemblies\Unity.Timeline.dll
Symbol file LoadedFromMemory is not a mono symbol file
Symbol file data-0000015B5E57D720 doesn't match image C:\GIT_FILES\Groove_2024\Groove_2024\Library\ScriptAssemblies\Unity.TestTools.CodeCoverage.Editor.OpenCover.Mono.Reflection.dll
Symbol file LoadedFromMemory is not a mono symbol file
Symbol file data-00000159A105E010 doesn't match image C:\GIT_FILES\Groove_2024\Groove_2024\Library\ScriptAssemblies\Unity.ProBuilder.Editor.dll
Symbol file LoadedFromMemory is not a mono symbol file
Symbol file data-0000015B5E581F30 doesn't match image C:\GIT_FILES\Groove_2024\Groove_2024\Library\ScriptAssemblies\Unity.VisualScripting.SettingsProvider.Editor.dll
Symbol file LoadedFromMemory is not a mono symbol file
Symbol file data-00000159A2080010 doesn't match image C:\GIT_FILES\Groove_2024\Groove_2024\Library\ScriptAssemblies\Unity.Performance.Profile-Analyzer.Editor.dll
Symbol file LoadedFromMemory is not a mono symbol file
Symbol file data-00000159A06B8020 doesn't match image C:\GIT_FILES\Groove_2024\Groove_2024\Library\ScriptAssemblies\Unity.TestTools.CodeCoverage.Editor.dll
Symbol file LoadedFromMemory is not a mono symbol file
Symbol file data-00000159ACCDF020 doesn't match image C:\GIT_FILES\Groove_2024\Groove_2024\Library\ScriptAssemblies\Unity.TestTools.CodeCoverage.Editor.OpenCover.Model.dll
Symbol file LoadedFromMemory is not a mono symbol file
Symbol file data-00000159A24F3020 doesn't match image C:\GIT_FILES\Groove_2024\Groove_2024\Library\ScriptAssemblies\Unity.ProBuilder.Poly2Tri.dll
Symbol file LoadedFromMemory is not a mono symbol file
Symbol file data-00000159ABDCA030 doesn't match image C:\GIT_FILES\Groove_2024\Groove_2024\Library\ScriptAssemblies\UnityEngine.TestRunner.dll
Symbol file LoadedFromMemory is not a mono symbol file
Symbol file data-00000159A24F3020 doesn't match image C:\GIT_FILES\Groove_2024\Groove_2024\Library\ScriptAssemblies\Unity.VisualScripting.State.Editor.dll
Symbol file LoadedFromMemory is not a mono symbol file
Symbol file data-00000159AB884020 doesn't match image C:\GIT_FILES\Groove_2024\Groove_2024\Library\ScriptAssemblies\Unity.Settings.Editor.dll
Symbol file LoadedFromMemory is not a mono symbol file
Symbol file data-00000159AB884020 doesn't match image C:\GIT_FILES\Groove_2024\Groove_2024\Library\ScriptAssemblies\Unity.ProBuilder.KdTree.dll
Symbol file LoadedFromMemory is not a mono symbol file
Symbol file data-00000159AC0DB070 doesn't match image C:\GIT_FILES\Groove_2024\Groove_2024\Library\ScriptAssemblies\Unity.TextMeshPro.dll
Symbol file LoadedFromMemory is not a mono symbol file
Symbol file data-0000015B5E828010 doesn't match image C:\GIT_FILES\Groove_2024\Groove_2024\Library\ScriptAssemblies\Unity.TextMeshPro.Editor.dll
Symbol file LoadedFromMemory is not a mono symbol file
Symbol file data-00000159A0EB5020 doesn't match image C:\GIT_FILES\Groove_2024\Groove_2024\Library\ScriptAssemblies\Unity.ProBuilder.AssetIdRemapUtility.dll
Symbol file LoadedFromMemory is not a mono symbol file
Symbol file data-00000159A0EBCE30 doesn't match image C:\GIT_FILES\Groove_2024\Groove_2024\Library\ScriptAssemblies\Unity.VisualScripting.State.dll
Symbol file LoadedFromMemory is not a mono symbol file
Symbol file data-00000159A0EBCE30 doesn't match image C:\GIT_FILES\Groove_2024\Groove_2024\Library\ScriptAssemblies\Unity.VSCode.Editor.dll
Symbol file LoadedFromMemory is not a mono symbol file
- Loaded All Assemblies, in  0.351 seconds
Refreshing native plugins compatible for Editor in 2.42 ms, found 3 plugins.
Native extension for WindowsStandalone target not found
[Package Manager] Server::EnsureServerProcessIsRunning -- launch failed, reason: Unity was launched with the -noUpm command-line argument
[Package Manager] UpmClient::Send -- Unable to send message (not connected to UPM process).
[Package Manager] Cannot connect to Unity Package Manager local server
Mono: successfully reloaded assembly
- Finished resetting the current domain, in  0.784 seconds
Domain Reload Profiling: 1134ms
	BeginReloadAssembly (112ms)
		ExecutionOrderSort (0ms)
		DisableScriptedObjects (4ms)
		BackupInstance (0ms)
		ReleaseScriptingObjects (0ms)
		CreateAndSetChildDomain (23ms)
	RebuildCommonClasses (24ms)
	RebuildNativeTypeToScriptingClass (8ms)
	initialDomainReloadingComplete (26ms)
	LoadAllAssembliesAndSetupDomain (180ms)
		LoadAssemblies (227ms)
		RebuildTransferFunctionScriptingTraits (0ms)
		AnalyzeDomain (11ms)
			TypeCache.Refresh (5ms)
				TypeCache.ScanAssembly (0ms)
			ScanForSourceGeneratedMonoScriptInfo (0ms)
			ResolveRequiredComponents (5ms)
	FinalizeReload (785ms)
		ReleaseScriptCaches (0ms)
		RebuildScriptCaches (0ms)
		SetupLoadedEditorAssemblies (413ms)
			LogAssemblyErrors (0ms)
			InitializePlatformSupportModulesInManaged (5ms)
			SetLoadedEditorAssemblies (5ms)
			RefreshPlugins (0ms)
			BeforeProcessingInitializeOnLoad (79ms)
			ProcessInitializeOnLoadAttributes (301ms)
			ProcessInitializeOnLoadMethodAttributes (19ms)
			AfterProcessingInitializeOnLoad (4ms)
			EditorAssembliesLoaded (0ms)
		ExecutionOrderSort2 (0ms)
		AwakeInstancesAfterBackupRestoration (6ms)
Refreshing native plugins compatible for Editor in 3.74 ms, found 3 plugins.
Preloading 0 native plugins for Editor in 0.00 ms.
Unloading 3448 Unused Serialized files (Serialized files now loaded: 0)
Unloading 25 unused Assets / (96.4 KB). Loaded Objects now: 3988.
Memory consumption went from 154.5 MB to 154.5 MB.
Total: 3.751000 ms (FindLiveObjects: 0.284400 ms CreateObjectMapping: 0.146200 ms MarkObjects: 3.128300 ms  DeleteObjects: 0.176300 ms)

Prepare: number of updated asset objects reloaded= 0
AssetImportParameters requested are different than current active one (requested -> active):
  custom:container-demuxer-ogg: 62fdf1f143b41e24485cea50d1cbac27 -> 
  custom:video-decoder-ogg-theora: a1e56fd34408186e4bbccfd4996cb3dc -> 
  custom:framework-win-MediaFoundation: 216162199b28c13a410421893ffa2e32 -> 
  custom:CustomObjectIndexerAttribute: 9a22284fe3817be447336de3de66b15e -> 
  custom:container-demuxer-webm: 4f35f7cbe854078d1ac9338744f61a02 -> 
  custom:container-muxer-webm: aa71ff27fc2769a1b78a27578f13a17b -> 
  custom:video-decoder-webm-vp8: 9c59270c3fd7afecdb556c50c9e8de78 -> 
  custom:SearchIndexIgnoredProperties: e643bd26f0fe6173181afceb89e7c659 -> 
  custom:AudioImporter_EditorPlatform: d09bf68614088b80899f8185d706f6e7 -> 
  custom:video-encoder-webm-vp8: eb34c28f22e8b96e1ab97ce403110664 -> 
  custom:audio-decoder-ogg-vorbis: bf7c407c2cedff20999df2af8eb42d56 -> 
  custom:audio-encoder-webm-vorbis: bf7c407c2cedff20999df2af8eb42d56 -> 
========================================================================
Received Prepare
Begin MonoManager ReloadAssembly
Symbol file data-00000159ABD4E020 doesn't match image C:\GIT_FILES\Groove_2024\Groove_2024\Library\ScriptAssemblies\Unity.EditorCoroutines.Editor.dll
Symbol file LoadedFromMemory is not a mono symbol file
Symbol file data-00000159A0B81010 doesn't match image C:\GIT_FILES\Groove_2024\Groove_2024\Library\ScriptAssemblies\Unity.PlasticSCM.Editor.dll
Symbol file LoadedFromMemory is not a mono symbol file
Symbol file data-00000159A0F37050 doesn't match image C:\GIT_FILES\Groove_2024\Groove_2024\Library\ScriptAssemblies\Unity.ProBuilder.Stl.dll
Symbol file LoadedFromMemory is not a mono symbol file
Symbol file data-00000159AC0DB070 doesn't match image C:\GIT_FILES\Groove_2024\Groove_2024\Library\ScriptAssemblies\Unity.ProBuilder.dll
Symbol file LoadedFromMemory is not a mono symbol file
Symbol file data-0000015B5EE476F0 doesn't match image C:\GIT_FILES\Groove_2024\Groove_2024\Library\ScriptAssemblies\Unity.Timeline.Editor.dll
Symbol file LoadedFromMemory is not a mono symbol file
Symbol file data-00000159AB884020 doesn't match image C:\GIT_FILES\Groove_2024\Groove_2024\Library\ScriptAssemblies\Unity.VisualScripting.Shared.Editor.dll
Symbol file LoadedFromMemory is not a mono symbol file
Symbol file data-00000159ABD4E020 doesn't match image C:\GIT_FILES\Groove_2024\Groove_2024\Library\ScriptAssemblies\Unity.CollabProxy.Editor.dll
Symbol file LoadedFromMemory is not a mono symbol file
Symbol file data-0000015B80D1A010 doesn't match image C:\GIT_FILES\Groove_2024\Groove_2024\Library\ScriptAssemblies\Unity.VisualStudio.Editor.dll
Symbol file LoadedFromMemory is not a mono symbol file
Symbol file data-0000015B5E3B6E20 doesn't match image C:\GIT_FILES\Groove_2024\Groove_2024\Library\ScriptAssemblies\UnityEditor.UI.dll
Symbol file LoadedFromMemory is not a mono symbol file
Symbol file data-0000015BE1FB5010 doesn't match image C:\GIT_FILES\Groove_2024\Groove_2024\Library\ScriptAssemblies\Unity.VisualScripting.Core.dll
Symbol file LoadedFromMemory is not a mono symbol file
Symbol file data-0000015B5EABAFB0 doesn't match image C:\GIT_FILES\Groove_2024\Groove_2024\Library\ScriptAssemblies\UnityEngine.UI.dll
Symbol file LoadedFromMemory is not a mono symbol file
Symbol file data-00000159A25ED030 doesn't match image C:\GIT_FILES\Groove_2024\Groove_2024\Library\ScriptAssemblies\Unity.VisualScripting.Core.Editor.dll
Symbol file LoadedFromMemory is not a mono symbol file
Symbol file data-00000159A14BC020 doesn't match image C:\GIT_FILES\Groove_2024\Groove_2024\Library\ScriptAssemblies\Unity.ProBuilder.AddOns.Editor.dll
Symbol file LoadedFromMemory is not a mono symbol file
Symbol file data-0000015B5E85A770 doesn't match image C:\GIT_FILES\Groove_2024\Groove_2024\Library\ScriptAssemblies\Unity.Rider.Editor.dll
Symbol file LoadedFromMemory is not a mono symbol file
Symbol file data-00000159A123E220 doesn't match image C:\GIT_FILES\Groove_2024\Groove_2024\Library\ScriptAssemblies\Unity.ProBuilder.Csg.dll
Symbol file LoadedFromMemory is not a mono symbol file
Symbol file data-00000159ABDCA030 doesn't match image C:\GIT_FILES\Groove_2024\Groove_2024\Library\ScriptAssemblies\UnityEditor.TestRunner.dll
Symbol file LoadedFromMemory is not a mono symbol file
Symbol file data-0000015B5E2A0080 doesn't match image C:\GIT_FILES\Groove_2024\Groove_2024\Library\ScriptAssemblies\Unity.VisualScripting.Flow.dll
Symbol file LoadedFromMemory is not a mono symbol file
Symbol file data-00000159AC09F010 doesn't match image C:\GIT_FILES\Groove_2024\Groove_2024\Library\ScriptAssemblies\Unity.VisualScripting.Flow.Editor.dll
Symbol file LoadedFromMemory is not a mono symbol file
Symbol file data-00000159A1427030 doesn't match image C:\GIT_FILES\Groove_2024\Groove_2024\Library\ScriptAssemblies\Unity.Timeline.dll
Symbol file LoadedFromMemory is not a mono symbol file
Symbol file data-00000159AB884020 doesn't match image C:\GIT_FILES\Groove_2024\Groove_2024\Library\ScriptAssemblies\Unity.TestTools.CodeCoverage.Editor.OpenCover.Mono.Reflection.dll
Symbol file LoadedFromMemory is not a mono symbol file
Symbol file data-00000159A105E010 doesn't match image C:\GIT_FILES\Groove_2024\Groove_2024\Library\ScriptAssemblies\Unity.ProBuilder.Editor.dll
Symbol file LoadedFromMemory is not a mono symbol file
Symbol file data-00000159AC40C010 doesn't match image C:\GIT_FILES\Groove_2024\Groove_2024\Library\ScriptAssemblies\Unity.VisualScripting.SettingsProvider.Editor.dll
Symbol file LoadedFromMemory is not a mono symbol file
Symbol file data-00000159A272F030 doesn't match image C:\GIT_FILES\Groove_2024\Groove_2024\Library\ScriptAssemblies\Unity.Performance.Profile-Analyzer.Editor.dll
Symbol file LoadedFromMemory is not a mono symbol file
Symbol file data-00000159A0C57030 doesn't match image C:\GIT_FILES\Groove_2024\Groove_2024\Library\ScriptAssemblies\Unity.TestTools.CodeCoverage.Editor.dll
Symbol file LoadedFromMemory is not a mono symbol file
Symbol file data-00000159A26C7020 doesn't match image C:\GIT_FILES\Groove_2024\Groove_2024\Library\ScriptAssemblies\Unity.TestTools.CodeCoverage.Editor.OpenCover.Model.dll
Symbol file LoadedFromMemory is not a mono symbol file
Symbol file data-00000159ACA8B020 doesn't match image C:\GIT_FILES\Groove_2024\Groove_2024\Library\ScriptAssemblies\Unity.ProBuilder.Poly2Tri.dll
Symbol file LoadedFromMemory is not a mono symbol file
Symbol file data-0000015B80D1A010 doesn't match image C:\GIT_FILES\Groove_2024\Groove_2024\Library\ScriptAssemblies\UnityEngine.TestRunner.dll
Symbol file LoadedFromMemory is not a mono symbol file
Symbol file data-0000015B5E3B6E20 doesn't match image C:\GIT_FILES\Groove_2024\Groove_2024\Library\ScriptAssemblies\Unity.VisualScripting.State.Editor.dll
Symbol file LoadedFromMemory is not a mono symbol file
Symbol file data-0000015B80499030 doesn't match image C:\GIT_FILES\Groove_2024\Groove_2024\Library\ScriptAssemblies\Unity.Settings.Editor.dll
Symbol file LoadedFromMemory is not a mono symbol file
Symbol file data-00000159A26C7020 doesn't match image C:\GIT_FILES\Groove_2024\Groove_2024\Library\ScriptAssemblies\Unity.ProBuilder.KdTree.dll
Symbol file LoadedFromMemory is not a mono symbol file
Symbol file data-00000159AC0DB070 doesn't match image C:\GIT_FILES\Groove_2024\Groove_2024\Library\ScriptAssemblies\Unity.TextMeshPro.dll
Symbol file LoadedFromMemory is not a mono symbol file
Symbol file data-00000159ABDCA030 doesn't match image C:\GIT_FILES\Groove_2024\Groove_2024\Library\ScriptAssemblies\Unity.TextMeshPro.Editor.dll
Symbol file LoadedFromMemory is not a mono symbol file
Symbol file data-00000159A26C7020 doesn't match image C:\GIT_FILES\Groove_2024\Groove_2024\Library\ScriptAssemblies\Unity.ProBuilder.AssetIdRemapUtility.dll
Symbol file LoadedFromMemory is not a mono symbol file
Symbol file data-00000159A0ED1070 doesn't match image C:\GIT_FILES\Groove_2024\Groove_2024\Library\ScriptAssemblies\Unity.VisualScripting.State.dll
Symbol file LoadedFromMemory is not a mono symbol file
Symbol file data-00000159A0ED1070 doesn't match image C:\GIT_FILES\Groove_2024\Groove_2024\Library\ScriptAssemblies\Unity.VSCode.Editor.dll
Symbol file LoadedFromMemory is not a mono symbol file
- Loaded All Assemblies, in  0.475 seconds
Refreshing native plugins compatible for Editor in 2.00 ms, found 3 plugins.
Native extension for WindowsStandalone target not found
[Package Manager] Server::EnsureServerProcessIsRunning -- launch failed, reason: Unity was launched with the -noUpm command-line argument
[Package Manager] UpmClient::Send -- Unable to send message (not connected to UPM process).
[Package Manager] Cannot connect to Unity Package Manager local server
Mono: successfully reloaded assembly
- Finished resetting the current domain, in  0.884 seconds
Domain Reload Profiling: 1358ms
	BeginReloadAssembly (129ms)
		ExecutionOrderSort (0ms)
		DisableScriptedObjects (4ms)
		BackupInstance (0ms)
		ReleaseScriptingObjects (0ms)
		CreateAndSetChildDomain (28ms)
	RebuildCommonClasses (35ms)
	RebuildNativeTypeToScriptingClass (12ms)
	initialDomainReloadingComplete (26ms)
	LoadAllAssembliesAndSetupDomain (270ms)
		LoadAssemblies (317ms)
		RebuildTransferFunctionScriptingTraits (0ms)
		AnalyzeDomain (21ms)
			TypeCache.Refresh (9ms)
				TypeCache.ScanAssembly (0ms)
			ScanForSourceGeneratedMonoScriptInfo (6ms)
			ResolveRequiredComponents (5ms)
	FinalizeReload (885ms)
		ReleaseScriptCaches (0ms)
		RebuildScriptCaches (0ms)
		SetupLoadedEditorAssemblies (453ms)
			LogAssemblyErrors (0ms)
			InitializePlatformSupportModulesInManaged (8ms)
			SetLoadedEditorAssemblies (5ms)
			RefreshPlugins (0ms)
			BeforeProcessingInitializeOnLoad (95ms)
			ProcessInitializeOnLoadAttributes (315ms)
			ProcessInitializeOnLoadMethodAttributes (23ms)
			AfterProcessingInitializeOnLoad (8ms)
			EditorAssembliesLoaded (0ms)
		ExecutionOrderSort2 (0ms)
		AwakeInstancesAfterBackupRestoration (10ms)
Refreshing native plugins compatible for Editor in 3.03 ms, found 3 plugins.
Preloading 0 native plugins for Editor in 0.00 ms.
Unloading 3448 Unused Serialized files (Serialized files now loaded: 0)
Unloading 25 unused Assets / (96.4 KB). Loaded Objects now: 3991.
Memory consumption went from 156.5 MB to 156.4 MB.
Total: 3.521500 ms (FindLiveObjects: 0.266300 ms CreateObjectMapping: 0.166100 ms MarkObjects: 2.918100 ms  DeleteObjects: 0.169600 ms)

Prepare: number of updated asset objects reloaded= 0
AssetImportParameters requested are different than current active one (requested -> active):
  custom:container-demuxer-ogg: 62fdf1f143b41e24485cea50d1cbac27 -> 
  custom:video-decoder-ogg-theora: a1e56fd34408186e4bbccfd4996cb3dc -> 
  custom:framework-win-MediaFoundation: 216162199b28c13a410421893ffa2e32 -> 
  custom:CustomObjectIndexerAttribute: 9a22284fe3817be447336de3de66b15e -> 
  custom:container-demuxer-webm: 4f35f7cbe854078d1ac9338744f61a02 -> 
  custom:container-muxer-webm: aa71ff27fc2769a1b78a27578f13a17b -> 
  custom:video-decoder-webm-vp8: 9c59270c3fd7afecdb556c50c9e8de78 -> 
  custom:SearchIndexIgnoredProperties: e643bd26f0fe6173181afceb89e7c659 -> 
  custom:AudioImporter_EditorPlatform: d09bf68614088b80899f8185d706f6e7 -> 
  custom:video-encoder-webm-vp8: eb34c28f22e8b96e1ab97ce403110664 -> 
  custom:audio-decoder-ogg-vorbis: bf7c407c2cedff20999df2af8eb42d56 -> 
  custom:audio-encoder-webm-vorbis: bf7c407c2cedff20999df2af8eb42d56 -> 
========================================================================
Received Prepare
Begin MonoManager ReloadAssembly
Symbol file data-00000159A06F7CB0 doesn't match image C:\GIT_FILES\Groove_2024\Groove_2024\Library\ScriptAssemblies\Unity.EditorCoroutines.Editor.dll
Symbol file LoadedFromMemory is not a mono symbol file
Symbol file data-0000015BE1FB5010 doesn't match image C:\GIT_FILES\Groove_2024\Groove_2024\Library\ScriptAssemblies\Unity.PlasticSCM.Editor.dll
Symbol file LoadedFromMemory is not a mono symbol file
Symbol file data-00000159A0F37050 doesn't match image C:\GIT_FILES\Groove_2024\Groove_2024\Library\ScriptAssemblies\Unity.ProBuilder.Stl.dll
Symbol file LoadedFromMemory is not a mono symbol file
Symbol file data-0000015B5F1F6030 doesn't match image C:\GIT_FILES\Groove_2024\Groove_2024\Library\ScriptAssemblies\Unity.ProBuilder.dll
Symbol file LoadedFromMemory is not a mono symbol file
Symbol file data-00000159A23DD010 doesn't match image C:\GIT_FILES\Groove_2024\Groove_2024\Library\ScriptAssemblies\Unity.Timeline.Editor.dll
Symbol file LoadedFromMemory is not a mono symbol file
Symbol file data-00000159AC024020 doesn't match image C:\GIT_FILES\Groove_2024\Groove_2024\Library\ScriptAssemblies\Unity.VisualScripting.Shared.Editor.dll
Symbol file LoadedFromMemory is not a mono symbol file
Symbol file data-0000015B800165D0 doesn't match image C:\GIT_FILES\Groove_2024\Groove_2024\Library\ScriptAssemblies\Unity.CollabProxy.Editor.dll
Symbol file LoadedFromMemory is not a mono symbol file
Symbol file data-00000159A06B8020 doesn't match image C:\GIT_FILES\Groove_2024\Groove_2024\Library\ScriptAssemblies\Unity.VisualStudio.Editor.dll
Symbol file LoadedFromMemory is not a mono symbol file
Symbol file data-0000015B808642E0 doesn't match image C:\GIT_FILES\Groove_2024\Groove_2024\Library\ScriptAssemblies\UnityEditor.UI.dll
Symbol file LoadedFromMemory is not a mono symbol file
Symbol file data-00000159ABBAE010 doesn't match image C:\GIT_FILES\Groove_2024\Groove_2024\Library\ScriptAssemblies\Unity.VisualScripting.Core.dll
Symbol file LoadedFromMemory is not a mono symbol file
Symbol file data-0000015B5EABAFB0 doesn't match image C:\GIT_FILES\Groove_2024\Groove_2024\Library\ScriptAssemblies\UnityEngine.UI.dll
Symbol file LoadedFromMemory is not a mono symbol file
Symbol file data-00000159A25ED030 doesn't match image C:\GIT_FILES\Groove_2024\Groove_2024\Library\ScriptAssemblies\Unity.VisualScripting.Core.Editor.dll
Symbol file LoadedFromMemory is not a mono symbol file
Symbol file data-0000015BE28BF020 doesn't match image C:\GIT_FILES\Groove_2024\Groove_2024\Library\ScriptAssemblies\Unity.ProBuilder.AddOns.Editor.dll
Symbol file LoadedFromMemory is not a mono symbol file
Symbol file data-0000015B808642E0 doesn't match image C:\GIT_FILES\Groove_2024\Groove_2024\Library\ScriptAssemblies\Unity.Rider.Editor.dll
Symbol file LoadedFromMemory is not a mono symbol file
Symbol file data-00000159A1B61060 doesn't match image C:\GIT_FILES\Groove_2024\Groove_2024\Library\ScriptAssemblies\Unity.ProBuilder.Csg.dll
Symbol file LoadedFromMemory is not a mono symbol file
Symbol file data-00000159ABDCA030 doesn't match image C:\GIT_FILES\Groove_2024\Groove_2024\Library\ScriptAssemblies\UnityEditor.TestRunner.dll
Symbol file LoadedFromMemory is not a mono symbol file
Symbol file data-0000015B5E2A0080 doesn't match image C:\GIT_FILES\Groove_2024\Groove_2024\Library\ScriptAssemblies\Unity.VisualScripting.Flow.dll
Symbol file LoadedFromMemory is not a mono symbol file
Symbol file data-00000159AC09F010 doesn't match image C:\GIT_FILES\Groove_2024\Groove_2024\Library\ScriptAssemblies\Unity.VisualScripting.Flow.Editor.dll
Symbol file LoadedFromMemory is not a mono symbol file
Symbol file data-0000015BE28C3C00 doesn't match image C:\GIT_FILES\Groove_2024\Groove_2024\Library\ScriptAssemblies\Unity.Timeline.dll
Symbol file LoadedFromMemory is not a mono symbol file
Symbol file data-00000159AC024020 doesn't match image C:\GIT_FILES\Groove_2024\Groove_2024\Library\ScriptAssemblies\Unity.TestTools.CodeCoverage.Editor.OpenCover.Mono.Reflection.dll
Symbol file LoadedFromMemory is not a mono symbol file
Symbol file data-00000159AC0D3060 doesn't match image C:\GIT_FILES\Groove_2024\Groove_2024\Library\ScriptAssemblies\Unity.ProBuilder.Editor.dll
Symbol file LoadedFromMemory is not a mono symbol file
Symbol file data-00000159AC024020 doesn't match image C:\GIT_FILES\Groove_2024\Groove_2024\Library\ScriptAssemblies\Unity.VisualScripting.SettingsProvider.Editor.dll
Symbol file LoadedFromMemory is not a mono symbol file
Symbol file data-0000015BE1E9E150 doesn't match image C:\GIT_FILES\Groove_2024\Groove_2024\Library\ScriptAssemblies\Unity.Performance.Profile-Analyzer.Editor.dll
Symbol file LoadedFromMemory is not a mono symbol file
Symbol file data-00000159AB320080 doesn't match image C:\GIT_FILES\Groove_2024\Groove_2024\Library\ScriptAssemblies\Unity.TestTools.CodeCoverage.Editor.dll
Symbol file LoadedFromMemory is not a mono symbol file
Symbol file data-00000159A1EF2020 doesn't match image C:\GIT_FILES\Groove_2024\Groove_2024\Library\ScriptAssemblies\Unity.TestTools.CodeCoverage.Editor.OpenCover.Model.dll
Symbol file LoadedFromMemory is not a mono symbol file
Symbol file data-00000159ABE8E020 doesn't match image C:\GIT_FILES\Groove_2024\Groove_2024\Library\ScriptAssemblies\Unity.ProBuilder.Poly2Tri.dll
Symbol file LoadedFromMemory is not a mono symbol file
Symbol file data-0000015B5EE23F80 doesn't match image C:\GIT_FILES\Groove_2024\Groove_2024\Library\ScriptAssemblies\UnityEngine.TestRunner.dll
Symbol file LoadedFromMemory is not a mono symbol file
Symbol file data-0000015B808642E0 doesn't match image C:\GIT_FILES\Groove_2024\Groove_2024\Library\ScriptAssemblies\Unity.VisualScripting.State.Editor.dll
Symbol file LoadedFromMemory is not a mono symbol file
Symbol file data-0000015B8005FB50 doesn't match image C:\GIT_FILES\Groove_2024\Groove_2024\Library\ScriptAssemblies\Unity.Settings.Editor.dll
Symbol file LoadedFromMemory is not a mono symbol file
Symbol file data-00000159A1EF2020 doesn't match image C:\GIT_FILES\Groove_2024\Groove_2024\Library\ScriptAssemblies\Unity.ProBuilder.KdTree.dll
Symbol file LoadedFromMemory is not a mono symbol file
Symbol file data-0000015B5F1F6030 doesn't match image C:\GIT_FILES\Groove_2024\Groove_2024\Library\ScriptAssemblies\Unity.TextMeshPro.dll
Symbol file LoadedFromMemory is not a mono symbol file
Symbol file data-00000159ABDCA030 doesn't match image C:\GIT_FILES\Groove_2024\Groove_2024\Library\ScriptAssemblies\Unity.TextMeshPro.Editor.dll
Symbol file LoadedFromMemory is not a mono symbol file
Symbol file data-00000159A1922010 doesn't match image C:\GIT_FILES\Groove_2024\Groove_2024\Library\ScriptAssemblies\Unity.ProBuilder.AssetIdRemapUtility.dll
Symbol file LoadedFromMemory is not a mono symbol file
Symbol file data-00000159A1922010 doesn't match image C:\GIT_FILES\Groove_2024\Groove_2024\Library\ScriptAssemblies\Unity.VisualScripting.State.dll
Symbol file LoadedFromMemory is not a mono symbol file
Symbol file data-0000015B5E763060 doesn't match image C:\GIT_FILES\Groove_2024\Groove_2024\Library\ScriptAssemblies\Unity.VSCode.Editor.dll
Symbol file LoadedFromMemory is not a mono symbol file
- Loaded All Assemblies, in  0.479 seconds
Refreshing native plugins compatible for Editor in 4.07 ms, found 3 plugins.
Native extension for WindowsStandalone target not found
[Package Manager] Server::EnsureServerProcessIsRunning -- launch failed, reason: Unity was launched with the -noUpm command-line argument
[Package Manager] UpmClient::Send -- Unable to send message (not connected to UPM process).
[Package Manager] Cannot connect to Unity Package Manager local server
Mono: successfully reloaded assembly
- Finished resetting the current domain, in  0.984 seconds
Domain Reload Profiling: 1460ms
	BeginReloadAssembly (149ms)
		ExecutionOrderSort (0ms)
		DisableScriptedObjects (6ms)
		BackupInstance (0ms)
		ReleaseScriptingObjects (0ms)
		CreateAndSetChildDomain (29ms)
	RebuildCommonClasses (41ms)
	RebuildNativeTypeToScriptingClass (13ms)
	initialDomainReloadingComplete (29ms)
	LoadAllAssembliesAndSetupDomain (244ms)
		LoadAssemblies (298ms)
		RebuildTransferFunctionScriptingTraits (0ms)
		AnalyzeDomain (28ms)
			TypeCache.Refresh (9ms)
				TypeCache.ScanAssembly (0ms)
			ScanForSourceGeneratedMonoScriptInfo (9ms)
			ResolveRequiredComponents (8ms)
	FinalizeReload (984ms)
		ReleaseScriptCaches (0ms)
		RebuildScriptCaches (0ms)
		SetupLoadedEditorAssemblies (485ms)
			LogAssemblyErrors (0ms)
			InitializePlatformSupportModulesInManaged (5ms)
			SetLoadedEditorAssemblies (3ms)
			RefreshPlugins (0ms)
			BeforeProcessingInitializeOnLoad (71ms)
			ProcessInitializeOnLoadAttributes (376ms)
			ProcessInitializeOnLoadMethodAttributes (26ms)
			AfterProcessingInitializeOnLoad (4ms)
			EditorAssembliesLoaded (0ms)
		ExecutionOrderSort2 (0ms)
		AwakeInstancesAfterBackupRestoration (8ms)
Refreshing native plugins compatible for Editor in 3.60 ms, found 3 plugins.
Preloading 0 native plugins for Editor in 0.00 ms.
Unloading 3448 Unused Serialized files (Serialized files now loaded: 0)
Unloading 25 unused Assets / (96.4 KB). Loaded Objects now: 3994.
Memory consumption went from 158.4 MB to 158.3 MB.
Total: 3.529500 ms (FindLiveObjects: 0.285200 ms CreateObjectMapping: 0.147300 ms MarkObjects: 2.936300 ms  DeleteObjects: 0.159100 ms)

Prepare: number of updated asset objects reloaded= 0
AssetImportParameters requested are different than current active one (requested -> active):
  custom:container-demuxer-ogg: 62fdf1f143b41e24485cea50d1cbac27 -> 
  custom:video-decoder-ogg-theora: a1e56fd34408186e4bbccfd4996cb3dc -> 
  custom:framework-win-MediaFoundation: 216162199b28c13a410421893ffa2e32 -> 
  custom:CustomObjectIndexerAttribute: 9a22284fe3817be447336de3de66b15e -> 
  custom:container-demuxer-webm: 4f35f7cbe854078d1ac9338744f61a02 -> 
  custom:container-muxer-webm: aa71ff27fc2769a1b78a27578f13a17b -> 
  custom:video-decoder-webm-vp8: 9c59270c3fd7afecdb556c50c9e8de78 -> 
  custom:SearchIndexIgnoredProperties: e643bd26f0fe6173181afceb89e7c659 -> 
  custom:AudioImporter_EditorPlatform: d09bf68614088b80899f8185d706f6e7 -> 
  custom:video-encoder-webm-vp8: eb34c28f22e8b96e1ab97ce403110664 -> 
  custom:audio-decoder-ogg-vorbis: bf7c407c2cedff20999df2af8eb42d56 -> 
  custom:audio-encoder-webm-vorbis: bf7c407c2cedff20999df2af8eb42d56 -> 
========================================================================
Received Prepare
Begin MonoManager ReloadAssembly
Symbol file data-00000159A06F7CB0 doesn't match image C:\GIT_FILES\Groove_2024\Groove_2024\Library\ScriptAssemblies\Unity.EditorCoroutines.Editor.dll
Symbol file LoadedFromMemory is not a mono symbol file
Symbol file data-0000015B5EAE8FC0 doesn't match image C:\GIT_FILES\Groove_2024\Groove_2024\Library\ScriptAssemblies\Unity.PlasticSCM.Editor.dll
Symbol file LoadedFromMemory is not a mono symbol file
Symbol file data-00000159A0F37050 doesn't match image C:\GIT_FILES\Groove_2024\Groove_2024\Library\ScriptAssemblies\Unity.ProBuilder.Stl.dll
Symbol file LoadedFromMemory is not a mono symbol file
Symbol file data-0000015B5F1F6030 doesn't match image C:\GIT_FILES\Groove_2024\Groove_2024\Library\ScriptAssemblies\Unity.ProBuilder.dll
Symbol file LoadedFromMemory is not a mono symbol file
Symbol file data-00000159A25ED030 doesn't match image C:\GIT_FILES\Groove_2024\Groove_2024\Library\ScriptAssemblies\Unity.Timeline.Editor.dll
Symbol file LoadedFromMemory is not a mono symbol file
Symbol file data-00000159A26C7020 doesn't match image C:\GIT_FILES\Groove_2024\Groove_2024\Library\ScriptAssemblies\Unity.VisualScripting.Shared.Editor.dll
Symbol file LoadedFromMemory is not a mono symbol file
Symbol file data-0000015B800165D0 doesn't match image C:\GIT_FILES\Groove_2024\Groove_2024\Library\ScriptAssemblies\Unity.CollabProxy.Editor.dll
Symbol file LoadedFromMemory is not a mono symbol file
Symbol file data-00000159A06B8020 doesn't match image C:\GIT_FILES\Groove_2024\Groove_2024\Library\ScriptAssemblies\Unity.VisualStudio.Editor.dll
Symbol file LoadedFromMemory is not a mono symbol file
Symbol file data-0000015B5EE99020 doesn't match image C:\GIT_FILES\Groove_2024\Groove_2024\Library\ScriptAssemblies\UnityEditor.UI.dll
Symbol file LoadedFromMemory is not a mono symbol file
Symbol file data-00000159ABBAE010 doesn't match image C:\GIT_FILES\Groove_2024\Groove_2024\Library\ScriptAssemblies\Unity.VisualScripting.Core.dll
Symbol file LoadedFromMemory is not a mono symbol file
Symbol file data-0000015B5EABAFB0 doesn't match image C:\GIT_FILES\Groove_2024\Groove_2024\Library\ScriptAssemblies\UnityEngine.UI.dll
Symbol file LoadedFromMemory is not a mono symbol file
Symbol file data-00000159A25ED030 doesn't match image C:\GIT_FILES\Groove_2024\Groove_2024\Library\ScriptAssemblies\Unity.VisualScripting.Core.Editor.dll
Symbol file LoadedFromMemory is not a mono symbol file
Symbol file data-0000015B5EC34C60 doesn't match image C:\GIT_FILES\Groove_2024\Groove_2024\Library\ScriptAssemblies\Unity.ProBuilder.AddOns.Editor.dll
Symbol file LoadedFromMemory is not a mono symbol file
Symbol file data-0000015B808642E0 doesn't match image C:\GIT_FILES\Groove_2024\Groove_2024\Library\ScriptAssemblies\Unity.Rider.Editor.dll
Symbol file LoadedFromMemory is not a mono symbol file
Symbol file data-00000159A1B61060 doesn't match image C:\GIT_FILES\Groove_2024\Groove_2024\Library\ScriptAssemblies\Unity.ProBuilder.Csg.dll
Symbol file LoadedFromMemory is not a mono symbol file
Symbol file data-00000159ACF82E20 doesn't match image C:\GIT_FILES\Groove_2024\Groove_2024\Library\ScriptAssemblies\UnityEditor.TestRunner.dll
Symbol file LoadedFromMemory is not a mono symbol file
Symbol file data-0000015BE2FFD010 doesn't match image C:\GIT_FILES\Groove_2024\Groove_2024\Library\ScriptAssemblies\Unity.VisualScripting.Flow.dll
Symbol file LoadedFromMemory is not a mono symbol file
Symbol file data-00000159AC09F010 doesn't match image C:\GIT_FILES\Groove_2024\Groove_2024\Library\ScriptAssemblies\Unity.VisualScripting.Flow.Editor.dll
Symbol file LoadedFromMemory is not a mono symbol file
Symbol file data-00000159A12A0010 doesn't match image C:\GIT_FILES\Groove_2024\Groove_2024\Library\ScriptAssemblies\Unity.Timeline.dll
Symbol file LoadedFromMemory is not a mono symbol file
Symbol file data-00000159A26C7020 doesn't match image C:\GIT_FILES\Groove_2024\Groove_2024\Library\ScriptAssemblies\Unity.TestTools.CodeCoverage.Editor.OpenCover.Mono.Reflection.dll
Symbol file LoadedFromMemory is not a mono symbol file
Symbol file data-00000159A105E010 doesn't match image C:\GIT_FILES\Groove_2024\Groove_2024\Library\ScriptAssemblies\Unity.ProBuilder.Editor.dll
Symbol file LoadedFromMemory is not a mono symbol file
Symbol file data-00000159A26C7020 doesn't match image C:\GIT_FILES\Groove_2024\Groove_2024\Library\ScriptAssemblies\Unity.VisualScripting.SettingsProvider.Editor.dll
Symbol file LoadedFromMemory is not a mono symbol file
Symbol file data-0000015B5F09CEA0 doesn't match image C:\GIT_FILES\Groove_2024\Groove_2024\Library\ScriptAssemblies\Unity.Performance.Profile-Analyzer.Editor.dll
Symbol file LoadedFromMemory is not a mono symbol file
Symbol file data-0000015BE29E6020 doesn't match image C:\GIT_FILES\Groove_2024\Groove_2024\Library\ScriptAssemblies\Unity.TestTools.CodeCoverage.Editor.dll
Symbol file LoadedFromMemory is not a mono symbol file
Symbol file data-00000159A1922010 doesn't match image C:\GIT_FILES\Groove_2024\Groove_2024\Library\ScriptAssemblies\Unity.TestTools.CodeCoverage.Editor.OpenCover.Model.dll
Symbol file LoadedFromMemory is not a mono symbol file
Symbol file data-0000015B5E838020 doesn't match image C:\GIT_FILES\Groove_2024\Groove_2024\Library\ScriptAssemblies\Unity.ProBuilder.Poly2Tri.dll
Symbol file LoadedFromMemory is not a mono symbol file
Symbol file data-0000015B80D1A010 doesn't match image C:\GIT_FILES\Groove_2024\Groove_2024\Library\ScriptAssemblies\UnityEngine.TestRunner.dll
Symbol file LoadedFromMemory is not a mono symbol file
Symbol file data-0000015B5EE99020 doesn't match image C:\GIT_FILES\Groove_2024\Groove_2024\Library\ScriptAssemblies\Unity.VisualScripting.State.Editor.dll
Symbol file LoadedFromMemory is not a mono symbol file
Symbol file data-00000159A0C87EF0 doesn't match image C:\GIT_FILES\Groove_2024\Groove_2024\Library\ScriptAssemblies\Unity.Settings.Editor.dll
Symbol file LoadedFromMemory is not a mono symbol file
Symbol file data-00000159A1922010 doesn't match image C:\GIT_FILES\Groove_2024\Groove_2024\Library\ScriptAssemblies\Unity.ProBuilder.KdTree.dll
Symbol file LoadedFromMemory is not a mono symbol file
Symbol file data-0000015B5F1F6030 doesn't match image C:\GIT_FILES\Groove_2024\Groove_2024\Library\ScriptAssemblies\Unity.TextMeshPro.dll
Symbol file LoadedFromMemory is not a mono symbol file
Symbol file data-0000015B80D49C80 doesn't match image C:\GIT_FILES\Groove_2024\Groove_2024\Library\ScriptAssemblies\Unity.TextMeshPro.Editor.dll
Symbol file LoadedFromMemory is not a mono symbol file
Symbol file data-00000159A1922010 doesn't match image C:\GIT_FILES\Groove_2024\Groove_2024\Library\ScriptAssemblies\Unity.ProBuilder.AssetIdRemapUtility.dll
Symbol file LoadedFromMemory is not a mono symbol file
Symbol file data-00000159A1922010 doesn't match image C:\GIT_FILES\Groove_2024\Groove_2024\Library\ScriptAssemblies\Unity.VisualScripting.State.dll
Symbol file LoadedFromMemory is not a mono symbol file
Symbol file data-00000159A0ED1070 doesn't match image C:\GIT_FILES\Groove_2024\Groove_2024\Library\ScriptAssemblies\Unity.VSCode.Editor.dll
Symbol file LoadedFromMemory is not a mono symbol file
- Loaded All Assemblies, in  0.500 seconds
Refreshing native plugins compatible for Editor in 2.49 ms, found 3 plugins.
Native extension for WindowsStandalone target not found
[Package Manager] Server::EnsureServerProcessIsRunning -- launch failed, reason: Unity was launched with the -noUpm command-line argument
[Package Manager] UpmClient::Send -- Unable to send message (not connected to UPM process).
[Package Manager] Cannot connect to Unity Package Manager local server
Mono: successfully reloaded assembly
- Finished resetting the current domain, in  1.042 seconds
Domain Reload Profiling: 1538ms
	BeginReloadAssembly (156ms)
		ExecutionOrderSort (0ms)
		DisableScriptedObjects (5ms)
		BackupInstance (0ms)
		ReleaseScriptingObjects (0ms)
		CreateAndSetChildDomain (26ms)
	RebuildCommonClasses (34ms)
	RebuildNativeTypeToScriptingClass (11ms)
	initialDomainReloadingComplete (36ms)
	LoadAllAssembliesAndSetupDomain (258ms)
		LoadAssemblies (332ms)
		RebuildTransferFunctionScriptingTraits (0ms)
		AnalyzeDomain (22ms)
			TypeCache.Refresh (10ms)
				TypeCache.ScanAssembly (0ms)
			ScanForSourceGeneratedMonoScriptInfo (6ms)
			ResolveRequiredComponents (5ms)
	FinalizeReload (1043ms)
		ReleaseScriptCaches (0ms)
		RebuildScriptCaches (0ms)
		SetupLoadedEditorAssemblies (572ms)
			LogAssemblyErrors (0ms)
			InitializePlatformSupportModulesInManaged (10ms)
			SetLoadedEditorAssemblies (7ms)
			RefreshPlugins (0ms)
			BeforeProcessingInitializeOnLoad (128ms)
			ProcessInitializeOnLoadAttributes (390ms)
			ProcessInitializeOnLoadMethodAttributes (28ms)
			AfterProcessingInitializeOnLoad (11ms)
			EditorAssembliesLoaded (0ms)
		ExecutionOrderSort2 (0ms)
		AwakeInstancesAfterBackupRestoration (9ms)
Script is not up to date after domain reload: guid(482e0c6099164c54484764ca117d82e3) path("Assets/GameLogic.cs") state(2)
Refreshing native plugins compatible for Editor in 4.92 ms, found 3 plugins.
Preloading 0 native plugins for Editor in 0.00 ms.
Unloading 3447 Unused Serialized files (Serialized files now loaded: 0)
Unloading 25 unused Assets / (96.3 KB). Loaded Objects now: 3996.
Memory consumption went from 160.3 MB to 160.2 MB.
Total: 3.998500 ms (FindLiveObjects: 0.343000 ms CreateObjectMapping: 0.201300 ms MarkObjects: 3.244600 ms  DeleteObjects: 0.208300 ms)

Prepare: number of updated asset objects reloaded= 0
AssetImportParameters requested are different than current active one (requested -> active):
  custom:container-demuxer-ogg: 62fdf1f143b41e24485cea50d1cbac27 -> 
  custom:video-decoder-ogg-theora: a1e56fd34408186e4bbccfd4996cb3dc -> 
  custom:framework-win-MediaFoundation: 216162199b28c13a410421893ffa2e32 -> 
  custom:CustomObjectIndexerAttribute: 9a22284fe3817be447336de3de66b15e -> 
  custom:container-demuxer-webm: 4f35f7cbe854078d1ac9338744f61a02 -> 
  custom:container-muxer-webm: aa71ff27fc2769a1b78a27578f13a17b -> 
  custom:video-decoder-webm-vp8: 9c59270c3fd7afecdb556c50c9e8de78 -> 
  custom:SearchIndexIgnoredProperties: e643bd26f0fe6173181afceb89e7c659 -> 
  custom:AudioImporter_EditorPlatform: d09bf68614088b80899f8185d706f6e7 -> 
  custom:video-encoder-webm-vp8: eb34c28f22e8b96e1ab97ce403110664 -> 
  custom:audio-decoder-ogg-vorbis: bf7c407c2cedff20999df2af8eb42d56 -> 
  custom:audio-encoder-webm-vorbis: bf7c407c2cedff20999df2af8eb42d56 -> 
========================================================================
Received Prepare
Begin MonoManager ReloadAssembly
Symbol file data-00000159A06F7CB0 doesn't match image C:\GIT_FILES\Groove_2024\Groove_2024\Library\ScriptAssemblies\Unity.EditorCoroutines.Editor.dll
Symbol file LoadedFromMemory is not a mono symbol file
Symbol file data-0000015B5EAE8FC0 doesn't match image C:\GIT_FILES\Groove_2024\Groove_2024\Library\ScriptAssemblies\Unity.PlasticSCM.Editor.dll
Symbol file LoadedFromMemory is not a mono symbol file
Symbol file data-00000159A0F37050 doesn't match image C:\GIT_FILES\Groove_2024\Groove_2024\Library\ScriptAssemblies\Unity.ProBuilder.Stl.dll
Symbol file LoadedFromMemory is not a mono symbol file
Symbol file data-0000015BE1E1F050 doesn't match image C:\GIT_FILES\Groove_2024\Groove_2024\Library\ScriptAssemblies\Unity.ProBuilder.dll
Symbol file LoadedFromMemory is not a mono symbol file
Symbol file data-00000159A25ED030 doesn't match image C:\GIT_FILES\Groove_2024\Groove_2024\Library\ScriptAssemblies\Unity.Timeline.Editor.dll
Symbol file LoadedFromMemory is not a mono symbol file
Symbol file data-00000159AC024020 doesn't match image C:\GIT_FILES\Groove_2024\Groove_2024\Library\ScriptAssemblies\Unity.VisualScripting.Shared.Editor.dll
Symbol file LoadedFromMemory is not a mono symbol file
Symbol file data-0000015B800165D0 doesn't match image C:\GIT_FILES\Groove_2024\Groove_2024\Library\ScriptAssemblies\Unity.CollabProxy.Editor.dll
Symbol file LoadedFromMemory is not a mono symbol file
Symbol file data-00000159A06B8020 doesn't match image C:\GIT_FILES\Groove_2024\Groove_2024\Library\ScriptAssemblies\Unity.VisualStudio.Editor.dll
Symbol file LoadedFromMemory is not a mono symbol file
Symbol file data-0000015B3B6A8E20 doesn't match image C:\GIT_FILES\Groove_2024\Groove_2024\Library\ScriptAssemblies\UnityEditor.UI.dll
Symbol file LoadedFromMemory is not a mono symbol file
Symbol file data-00000159ABBAE010 doesn't match image C:\GIT_FILES\Groove_2024\Groove_2024\Library\ScriptAssemblies\Unity.VisualScripting.Core.dll
Symbol file LoadedFromMemory is not a mono symbol file
Symbol file data-0000015B5EABAFB0 doesn't match image C:\GIT_FILES\Groove_2024\Groove_2024\Library\ScriptAssemblies\UnityEngine.UI.dll
Symbol file LoadedFromMemory is not a mono symbol file
Symbol file data-00000159A25ED030 doesn't match image C:\GIT_FILES\Groove_2024\Groove_2024\Library\ScriptAssemblies\Unity.VisualScripting.Core.Editor.dll
Symbol file LoadedFromMemory is not a mono symbol file
Symbol file data-00000159AB3BD010 doesn't match image C:\GIT_FILES\Groove_2024\Groove_2024\Library\ScriptAssemblies\Unity.ProBuilder.AddOns.Editor.dll
Symbol file LoadedFromMemory is not a mono symbol file
Symbol file data-0000015B808642E0 doesn't match image C:\GIT_FILES\Groove_2024\Groove_2024\Library\ScriptAssemblies\Unity.Rider.Editor.dll
Symbol file LoadedFromMemory is not a mono symbol file
Symbol file data-00000159A1B61060 doesn't match image C:\GIT_FILES\Groove_2024\Groove_2024\Library\ScriptAssemblies\Unity.ProBuilder.Csg.dll
Symbol file LoadedFromMemory is not a mono symbol file
Symbol file data-00000159A0EF7030 doesn't match image C:\GIT_FILES\Groove_2024\Groove_2024\Library\ScriptAssemblies\UnityEditor.TestRunner.dll
Symbol file LoadedFromMemory is not a mono symbol file
Symbol file data-0000015BE2FFD010 doesn't match image C:\GIT_FILES\Groove_2024\Groove_2024\Library\ScriptAssemblies\Unity.VisualScripting.Flow.dll
Symbol file LoadedFromMemory is not a mono symbol file
Symbol file data-00000159AC09F010 doesn't match image C:\GIT_FILES\Groove_2024\Groove_2024\Library\ScriptAssemblies\Unity.VisualScripting.Flow.Editor.dll
Symbol file LoadedFromMemory is not a mono symbol file
Symbol file data-00000159A12A0010 doesn't match image C:\GIT_FILES\Groove_2024\Groove_2024\Library\ScriptAssemblies\Unity.Timeline.dll
Symbol file LoadedFromMemory is not a mono symbol file
Symbol file data-00000159AC024020 doesn't match image C:\GIT_FILES\Groove_2024\Groove_2024\Library\ScriptAssemblies\Unity.TestTools.CodeCoverage.Editor.OpenCover.Mono.Reflection.dll
Symbol file LoadedFromMemory is not a mono symbol file
Symbol file data-00000159A105E010 doesn't match image C:\GIT_FILES\Groove_2024\Groove_2024\Library\ScriptAssemblies\Unity.ProBuilder.Editor.dll
Symbol file LoadedFromMemory is not a mono symbol file
Symbol file data-00000159AC024020 doesn't match image C:\GIT_FILES\Groove_2024\Groove_2024\Library\ScriptAssemblies\Unity.VisualScripting.SettingsProvider.Editor.dll
Symbol file LoadedFromMemory is not a mono symbol file
Symbol file data-00000159A0796040 doesn't match image C:\GIT_FILES\Groove_2024\Groove_2024\Library\ScriptAssemblies\Unity.Performance.Profile-Analyzer.Editor.dll
Symbol file LoadedFromMemory is not a mono symbol file
Symbol file data-0000015BE2BC5010 doesn't match image C:\GIT_FILES\Groove_2024\Groove_2024\Library\ScriptAssemblies\Unity.TestTools.CodeCoverage.Editor.dll
Symbol file LoadedFromMemory is not a mono symbol file
Symbol file data-00000159A10E8070 doesn't match image C:\GIT_FILES\Groove_2024\Groove_2024\Library\ScriptAssemblies\Unity.TestTools.CodeCoverage.Editor.OpenCover.Model.dll
Symbol file LoadedFromMemory is not a mono symbol file
Symbol file data-0000015B5E838020 doesn't match image C:\GIT_FILES\Groove_2024\Groove_2024\Library\ScriptAssemblies\Unity.ProBuilder.Poly2Tri.dll
Symbol file LoadedFromMemory is not a mono symbol file
Symbol file data-0000015B80D1A010 doesn't match image C:\GIT_FILES\Groove_2024\Groove_2024\Library\ScriptAssemblies\UnityEngine.TestRunner.dll
Symbol file LoadedFromMemory is not a mono symbol file
Symbol file data-0000015B3B6A8E20 doesn't match image C:\GIT_FILES\Groove_2024\Groove_2024\Library\ScriptAssemblies\Unity.VisualScripting.State.Editor.dll
Symbol file LoadedFromMemory is not a mono symbol file
Symbol file data-00000159A0C87EF0 doesn't match image C:\GIT_FILES\Groove_2024\Groove_2024\Library\ScriptAssemblies\Unity.Settings.Editor.dll
Symbol file LoadedFromMemory is not a mono symbol file
Symbol file data-00000159A10E8070 doesn't match image C:\GIT_FILES\Groove_2024\Groove_2024\Library\ScriptAssemblies\Unity.ProBuilder.KdTree.dll
Symbol file LoadedFromMemory is not a mono symbol file
Symbol file data-0000015BE1685E60 doesn't match image C:\GIT_FILES\Groove_2024\Groove_2024\Library\ScriptAssemblies\Unity.TextMeshPro.dll
Symbol file LoadedFromMemory is not a mono symbol file
Symbol file data-0000015B5EE88F30 doesn't match image C:\GIT_FILES\Groove_2024\Groove_2024\Library\ScriptAssemblies\Unity.TextMeshPro.Editor.dll
Symbol file LoadedFromMemory is not a mono symbol file
Symbol file data-00000159A10E8070 doesn't match image C:\GIT_FILES\Groove_2024\Groove_2024\Library\ScriptAssemblies\Unity.ProBuilder.AssetIdRemapUtility.dll
Symbol file LoadedFromMemory is not a mono symbol file
Symbol file data-00000159A0ED1070 doesn't match image C:\GIT_FILES\Groove_2024\Groove_2024\Library\ScriptAssemblies\Unity.VisualScripting.State.dll
Symbol file LoadedFromMemory is not a mono symbol file
Symbol file data-00000159A0ED1070 doesn't match image C:\GIT_FILES\Groove_2024\Groove_2024\Library\ScriptAssemblies\Unity.VSCode.Editor.dll
Symbol file LoadedFromMemory is not a mono symbol file
- Loaded All Assemblies, in  0.468 seconds
Refreshing native plugins compatible for Editor in 4.43 ms, found 3 plugins.
Native extension for WindowsStandalone target not found
[Package Manager] Server::EnsureServerProcessIsRunning -- launch failed, reason: Unity was launched with the -noUpm command-line argument
[Package Manager] UpmClient::Send -- Unable to send message (not connected to UPM process).
[Package Manager] Cannot connect to Unity Package Manager local server
Mono: successfully reloaded assembly
- Finished resetting the current domain, in  0.818 seconds
Domain Reload Profiling: 1285ms
	BeginReloadAssembly (139ms)
		ExecutionOrderSort (0ms)
		DisableScriptedObjects (4ms)
		BackupInstance (0ms)
		ReleaseScriptingObjects (0ms)
		CreateAndSetChildDomain (30ms)
	RebuildCommonClasses (32ms)
	RebuildNativeTypeToScriptingClass (15ms)
	initialDomainReloadingComplete (30ms)
	LoadAllAssembliesAndSetupDomain (250ms)
		LoadAssemblies (292ms)
		RebuildTransferFunctionScriptingTraits (0ms)
		AnalyzeDomain (32ms)
			TypeCache.Refresh (11ms)
				TypeCache.ScanAssembly (0ms)
			ScanForSourceGeneratedMonoScriptInfo (11ms)
			ResolveRequiredComponents (8ms)
	FinalizeReload (819ms)
		ReleaseScriptCaches (0ms)
		RebuildScriptCaches (0ms)
		SetupLoadedEditorAssemblies (419ms)
			LogAssemblyErrors (0ms)
			InitializePlatformSupportModulesInManaged (5ms)
			SetLoadedEditorAssemblies (3ms)
			RefreshPlugins (0ms)
			BeforeProcessingInitializeOnLoad (72ms)
			ProcessInitializeOnLoadAttributes (304ms)
			ProcessInitializeOnLoadMethodAttributes (26ms)
			AfterProcessingInitializeOnLoad (8ms)
			EditorAssembliesLoaded (0ms)
		ExecutionOrderSort2 (0ms)
		AwakeInstancesAfterBackupRestoration (10ms)
Refreshing native plugins compatible for Editor in 4.60 ms, found 3 plugins.
Preloading 0 native plugins for Editor in 0.00 ms.
Unloading 3448 Unused Serialized files (Serialized files now loaded: 0)
Unloading 25 unused Assets / (96.5 KB). Loaded Objects now: 4000.
Memory consumption went from 162.2 MB to 162.1 MB.
Total: 3.582500 ms (FindLiveObjects: 0.250100 ms CreateObjectMapping: 0.153500 ms MarkObjects: 3.001700 ms  DeleteObjects: 0.175800 ms)

Prepare: number of updated asset objects reloaded= 0
AssetImportParameters requested are different than current active one (requested -> active):
  custom:container-demuxer-ogg: 62fdf1f143b41e24485cea50d1cbac27 -> 
  custom:video-decoder-ogg-theora: a1e56fd34408186e4bbccfd4996cb3dc -> 
  custom:framework-win-MediaFoundation: 216162199b28c13a410421893ffa2e32 -> 
  custom:CustomObjectIndexerAttribute: 9a22284fe3817be447336de3de66b15e -> 
  custom:container-demuxer-webm: 4f35f7cbe854078d1ac9338744f61a02 -> 
  custom:container-muxer-webm: aa71ff27fc2769a1b78a27578f13a17b -> 
  custom:video-decoder-webm-vp8: 9c59270c3fd7afecdb556c50c9e8de78 -> 
  custom:SearchIndexIgnoredProperties: e643bd26f0fe6173181afceb89e7c659 -> 
  custom:AudioImporter_EditorPlatform: d09bf68614088b80899f8185d706f6e7 -> 
  custom:video-encoder-webm-vp8: eb34c28f22e8b96e1ab97ce403110664 -> 
  custom:audio-decoder-ogg-vorbis: bf7c407c2cedff20999df2af8eb42d56 -> 
  custom:audio-encoder-webm-vorbis: bf7c407c2cedff20999df2af8eb42d56 -> 
========================================================================
Received Prepare
Begin MonoManager ReloadAssembly
Symbol file data-00000159A06F7CB0 doesn't match image C:\GIT_FILES\Groove_2024\Groove_2024\Library\ScriptAssemblies\Unity.EditorCoroutines.Editor.dll
Symbol file LoadedFromMemory is not a mono symbol file
Symbol file data-0000015B5EAE8FC0 doesn't match image C:\GIT_FILES\Groove_2024\Groove_2024\Library\ScriptAssemblies\Unity.PlasticSCM.Editor.dll
Symbol file LoadedFromMemory is not a mono symbol file
Symbol file data-00000159A0F37050 doesn't match image C:\GIT_FILES\Groove_2024\Groove_2024\Library\ScriptAssemblies\Unity.ProBuilder.Stl.dll
Symbol file LoadedFromMemory is not a mono symbol file
Symbol file data-0000015BE217DC90 doesn't match image C:\GIT_FILES\Groove_2024\Groove_2024\Library\ScriptAssemblies\Unity.ProBuilder.dll
Symbol file LoadedFromMemory is not a mono symbol file
Symbol file data-00000159A25ED030 doesn't match image C:\GIT_FILES\Groove_2024\Groove_2024\Library\ScriptAssemblies\Unity.Timeline.Editor.dll
Symbol file LoadedFromMemory is not a mono symbol file
Symbol file data-00000159AC024020 doesn't match image C:\GIT_FILES\Groove_2024\Groove_2024\Library\ScriptAssemblies\Unity.VisualScripting.Shared.Editor.dll
Symbol file LoadedFromMemory is not a mono symbol file
Symbol file data-00000159A13E3220 doesn't match image C:\GIT_FILES\Groove_2024\Groove_2024\Library\ScriptAssemblies\Unity.CollabProxy.Editor.dll
Symbol file LoadedFromMemory is not a mono symbol file
Symbol file data-00000159A06B8020 doesn't match image C:\GIT_FILES\Groove_2024\Groove_2024\Library\ScriptAssemblies\Unity.VisualStudio.Editor.dll
Symbol file LoadedFromMemory is not a mono symbol file
Symbol file data-0000015B807CF0E0 doesn't match image C:\GIT_FILES\Groove_2024\Groove_2024\Library\ScriptAssemblies\UnityEditor.UI.dll
Symbol file LoadedFromMemory is not a mono symbol file
Symbol file data-00000159ABBAE010 doesn't match image C:\GIT_FILES\Groove_2024\Groove_2024\Library\ScriptAssemblies\Unity.VisualScripting.Core.dll
Symbol file LoadedFromMemory is not a mono symbol file
Symbol file data-0000015B5EABAFB0 doesn't match image C:\GIT_FILES\Groove_2024\Groove_2024\Library\ScriptAssemblies\UnityEngine.UI.dll
Symbol file LoadedFromMemory is not a mono symbol file
Symbol file data-00000159A25ED030 doesn't match image C:\GIT_FILES\Groove_2024\Groove_2024\Library\ScriptAssemblies\Unity.VisualScripting.Core.Editor.dll
Symbol file LoadedFromMemory is not a mono symbol file
Symbol file data-00000159A13E3220 doesn't match image C:\GIT_FILES\Groove_2024\Groove_2024\Library\ScriptAssemblies\Unity.ProBuilder.AddOns.Editor.dll
Symbol file LoadedFromMemory is not a mono symbol file
Symbol file data-0000015B808642E0 doesn't match image C:\GIT_FILES\Groove_2024\Groove_2024\Library\ScriptAssemblies\Unity.Rider.Editor.dll
Symbol file LoadedFromMemory is not a mono symbol file
Symbol file data-00000159A1B61060 doesn't match image C:\GIT_FILES\Groove_2024\Groove_2024\Library\ScriptAssemblies\Unity.ProBuilder.Csg.dll
Symbol file LoadedFromMemory is not a mono symbol file
Symbol file data-00000159A0EF7030 doesn't match image C:\GIT_FILES\Groove_2024\Groove_2024\Library\ScriptAssemblies\UnityEditor.TestRunner.dll
Symbol file LoadedFromMemory is not a mono symbol file
Symbol file data-0000015BE2FFD010 doesn't match image C:\GIT_FILES\Groove_2024\Groove_2024\Library\ScriptAssemblies\Unity.VisualScripting.Flow.dll
Symbol file LoadedFromMemory is not a mono symbol file
Symbol file data-00000159AC09F010 doesn't match image C:\GIT_FILES\Groove_2024\Groove_2024\Library\ScriptAssemblies\Unity.VisualScripting.Flow.Editor.dll
Symbol file LoadedFromMemory is not a mono symbol file
Symbol file data-00000159A12A0010 doesn't match image C:\GIT_FILES\Groove_2024\Groove_2024\Library\ScriptAssemblies\Unity.Timeline.dll
Symbol file LoadedFromMemory is not a mono symbol file
Symbol file data-00000159AC024020 doesn't match image C:\GIT_FILES\Groove_2024\Groove_2024\Library\ScriptAssemblies\Unity.TestTools.CodeCoverage.Editor.OpenCover.Mono.Reflection.dll
Symbol file LoadedFromMemory is not a mono symbol file
Symbol file data-0000015BE458C010 doesn't match image C:\GIT_FILES\Groove_2024\Groove_2024\Library\ScriptAssemblies\Unity.ProBuilder.Editor.dll
Symbol file LoadedFromMemory is not a mono symbol file
Symbol file data-00000159AC024020 doesn't match image C:\GIT_FILES\Groove_2024\Groove_2024\Library\ScriptAssemblies\Unity.VisualScripting.SettingsProvider.Editor.dll
Symbol file LoadedFromMemory is not a mono symbol file
Symbol file data-00000159A0796040 doesn't match image C:\GIT_FILES\Groove_2024\Groove_2024\Library\ScriptAssemblies\Unity.Performance.Profile-Analyzer.Editor.dll
Symbol file LoadedFromMemory is not a mono symbol file
Symbol file data-0000015BE2BC5010 doesn't match image C:\GIT_FILES\Groove_2024\Groove_2024\Library\ScriptAssemblies\Unity.TestTools.CodeCoverage.Editor.dll
Symbol file LoadedFromMemory is not a mono symbol file
Symbol file data-00000159A1B58030 doesn't match image C:\GIT_FILES\Groove_2024\Groove_2024\Library\ScriptAssemblies\Unity.TestTools.CodeCoverage.Editor.OpenCover.Model.dll
Symbol file LoadedFromMemory is not a mono symbol file
Symbol file data-0000015BE4489020 doesn't match image C:\GIT_FILES\Groove_2024\Groove_2024\Library\ScriptAssemblies\Unity.ProBuilder.Poly2Tri.dll
Symbol file LoadedFromMemory is not a mono symbol file
Symbol file data-0000015B80D1A010 doesn't match image C:\GIT_FILES\Groove_2024\Groove_2024\Library\ScriptAssemblies\UnityEngine.TestRunner.dll
Symbol file LoadedFromMemory is not a mono symbol file
Symbol file data-0000015B807CF0E0 doesn't match image C:\GIT_FILES\Groove_2024\Groove_2024\Library\ScriptAssemblies\Unity.VisualScripting.State.Editor.dll
Symbol file LoadedFromMemory is not a mono symbol file
Symbol file data-0000015B5E85A770 doesn't match image C:\GIT_FILES\Groove_2024\Groove_2024\Library\ScriptAssemblies\Unity.Settings.Editor.dll
Symbol file LoadedFromMemory is not a mono symbol file
Symbol file data-00000159A1B58030 doesn't match image C:\GIT_FILES\Groove_2024\Groove_2024\Library\ScriptAssemblies\Unity.ProBuilder.KdTree.dll
Symbol file LoadedFromMemory is not a mono symbol file
Symbol file data-0000015BE217DC90 doesn't match image C:\GIT_FILES\Groove_2024\Groove_2024\Library\ScriptAssemblies\Unity.TextMeshPro.dll
Symbol file LoadedFromMemory is not a mono symbol file
Symbol file data-00000159A0EF7030 doesn't match image C:\GIT_FILES\Groove_2024\Groove_2024\Library\ScriptAssemblies\Unity.TextMeshPro.Editor.dll
Symbol file LoadedFromMemory is not a mono symbol file
Symbol file data-00000159A1B58030 doesn't match image C:\GIT_FILES\Groove_2024\Groove_2024\Library\ScriptAssemblies\Unity.ProBuilder.AssetIdRemapUtility.dll
Symbol file LoadedFromMemory is not a mono symbol file
Symbol file data-0000015B3B54C030 doesn't match image C:\GIT_FILES\Groove_2024\Groove_2024\Library\ScriptAssemblies\Unity.VisualScripting.State.dll
Symbol file LoadedFromMemory is not a mono symbol file
Symbol file data-0000015B3B54C030 doesn't match image C:\GIT_FILES\Groove_2024\Groove_2024\Library\ScriptAssemblies\Unity.VSCode.Editor.dll
Symbol file LoadedFromMemory is not a mono symbol file
- Loaded All Assemblies, in  0.489 seconds
Refreshing native plugins compatible for Editor in 2.61 ms, found 3 plugins.
Native extension for WindowsStandalone target not found
[Package Manager] Server::EnsureServerProcessIsRunning -- launch failed, reason: Unity was launched with the -noUpm command-line argument
[Package Manager] UpmClient::Send -- Unable to send message (not connected to UPM process).
[Package Manager] Cannot connect to Unity Package Manager local server
Mono: successfully reloaded assembly
- Finished resetting the current domain, in  1.000 seconds
Domain Reload Profiling: 1487ms
	BeginReloadAssembly (158ms)
		ExecutionOrderSort (0ms)
		DisableScriptedObjects (7ms)
		BackupInstance (0ms)
		ReleaseScriptingObjects (0ms)
		CreateAndSetChildDomain (25ms)
	RebuildCommonClasses (34ms)
	RebuildNativeTypeToScriptingClass (15ms)
	initialDomainReloadingComplete (32ms)
	LoadAllAssembliesAndSetupDomain (249ms)
		LoadAssemblies (329ms)
		RebuildTransferFunctionScriptingTraits (0ms)
		AnalyzeDomain (15ms)
			TypeCache.Refresh (6ms)
				TypeCache.ScanAssembly (0ms)
			ScanForSourceGeneratedMonoScriptInfo (0ms)
			ResolveRequiredComponents (7ms)
	FinalizeReload (1001ms)
		ReleaseScriptCaches (0ms)
		RebuildScriptCaches (0ms)
		SetupLoadedEditorAssemblies (499ms)
			LogAssemblyErrors (0ms)
			InitializePlatformSupportModulesInManaged (7ms)
			SetLoadedEditorAssemblies (4ms)
			RefreshPlugins (0ms)
			BeforeProcessingInitializeOnLoad (91ms)
			ProcessInitializeOnLoadAttributes (369ms)
			ProcessInitializeOnLoadMethodAttributes (21ms)
			AfterProcessingInitializeOnLoad (7ms)
			EditorAssembliesLoaded (0ms)
		ExecutionOrderSort2 (0ms)
		AwakeInstancesAfterBackupRestoration (9ms)
Refreshing native plugins compatible for Editor in 4.74 ms, found 3 plugins.
Preloading 0 native plugins for Editor in 0.00 ms.
Unloading 3448 Unused Serialized files (Serialized files now loaded: 0)
Unloading 25 unused Assets / (114.2 KB). Loaded Objects now: 4003.
Memory consumption went from 164.1 MB to 164.0 MB.
Total: 4.265700 ms (FindLiveObjects: 0.274200 ms CreateObjectMapping: 0.184500 ms MarkObjects: 3.366000 ms  DeleteObjects: 0.439500 ms)

Prepare: number of updated asset objects reloaded= 0
AssetImportParameters requested are different than current active one (requested -> active):
  custom:container-demuxer-ogg: 62fdf1f143b41e24485cea50d1cbac27 -> 
  custom:video-decoder-ogg-theora: a1e56fd34408186e4bbccfd4996cb3dc -> 
  custom:framework-win-MediaFoundation: 216162199b28c13a410421893ffa2e32 -> 
  custom:CustomObjectIndexerAttribute: 9a22284fe3817be447336de3de66b15e -> 
  custom:container-demuxer-webm: 4f35f7cbe854078d1ac9338744f61a02 -> 
  custom:container-muxer-webm: aa71ff27fc2769a1b78a27578f13a17b -> 
  custom:video-decoder-webm-vp8: 9c59270c3fd7afecdb556c50c9e8de78 -> 
  custom:SearchIndexIgnoredProperties: e643bd26f0fe6173181afceb89e7c659 -> 
  custom:AudioImporter_EditorPlatform: d09bf68614088b80899f8185d706f6e7 -> 
  custom:video-encoder-webm-vp8: eb34c28f22e8b96e1ab97ce403110664 -> 
  custom:audio-decoder-ogg-vorbis: bf7c407c2cedff20999df2af8eb42d56 -> 
  custom:audio-encoder-webm-vorbis: bf7c407c2cedff20999df2af8eb42d56 -> 
========================================================================
Received Prepare
Begin MonoManager ReloadAssembly
Symbol file data-00000159A06F7CB0 doesn't match image C:\GIT_FILES\Groove_2024\Groove_2024\Library\ScriptAssemblies\Unity.EditorCoroutines.Editor.dll
Symbol file LoadedFromMemory is not a mono symbol file
Symbol file data-0000015B5EAE8FC0 doesn't match image C:\GIT_FILES\Groove_2024\Groove_2024\Library\ScriptAssemblies\Unity.PlasticSCM.Editor.dll
Symbol file LoadedFromMemory is not a mono symbol file
Symbol file data-00000159A0F37050 doesn't match image C:\GIT_FILES\Groove_2024\Groove_2024\Library\ScriptAssemblies\Unity.ProBuilder.Stl.dll
Symbol file LoadedFromMemory is not a mono symbol file
Symbol file data-0000015B5E3EAAA0 doesn't match image C:\GIT_FILES\Groove_2024\Groove_2024\Library\ScriptAssemblies\Unity.ProBuilder.dll
Symbol file LoadedFromMemory is not a mono symbol file
Symbol file data-00000159A25ED030 doesn't match image C:\GIT_FILES\Groove_2024\Groove_2024\Library\ScriptAssemblies\Unity.Timeline.Editor.dll
Symbol file LoadedFromMemory is not a mono symbol file
Symbol file data-00000159AC024020 doesn't match image C:\GIT_FILES\Groove_2024\Groove_2024\Library\ScriptAssemblies\Unity.VisualScripting.Shared.Editor.dll
Symbol file LoadedFromMemory is not a mono symbol file
Symbol file data-00000159A13E3220 doesn't match image C:\GIT_FILES\Groove_2024\Groove_2024\Library\ScriptAssemblies\Unity.CollabProxy.Editor.dll
Symbol file LoadedFromMemory is not a mono symbol file
Symbol file data-00000159A06B8020 doesn't match image C:\GIT_FILES\Groove_2024\Groove_2024\Library\ScriptAssemblies\Unity.VisualStudio.Editor.dll
Symbol file LoadedFromMemory is not a mono symbol file
Symbol file data-0000015BE3AE6040 doesn't match image C:\GIT_FILES\Groove_2024\Groove_2024\Library\ScriptAssemblies\UnityEditor.UI.dll
Symbol file LoadedFromMemory is not a mono symbol file
Symbol file data-00000159ABBAE010 doesn't match image C:\GIT_FILES\Groove_2024\Groove_2024\Library\ScriptAssemblies\Unity.VisualScripting.Core.dll
Symbol file LoadedFromMemory is not a mono symbol file
Symbol file data-0000015B5EABAFB0 doesn't match image C:\GIT_FILES\Groove_2024\Groove_2024\Library\ScriptAssemblies\UnityEngine.UI.dll
Symbol file LoadedFromMemory is not a mono symbol file
Symbol file data-00000159A25ED030 doesn't match image C:\GIT_FILES\Groove_2024\Groove_2024\Library\ScriptAssemblies\Unity.VisualScripting.Core.Editor.dll
Symbol file LoadedFromMemory is not a mono symbol file
Symbol file data-00000159A13E3220 doesn't match image C:\GIT_FILES\Groove_2024\Groove_2024\Library\ScriptAssemblies\Unity.ProBuilder.AddOns.Editor.dll
Symbol file LoadedFromMemory is not a mono symbol file
Symbol file data-0000015B808642E0 doesn't match image C:\GIT_FILES\Groove_2024\Groove_2024\Library\ScriptAssemblies\Unity.Rider.Editor.dll
Symbol file LoadedFromMemory is not a mono symbol file
Symbol file data-00000159A1B61060 doesn't match image C:\GIT_FILES\Groove_2024\Groove_2024\Library\ScriptAssemblies\Unity.ProBuilder.Csg.dll
Symbol file LoadedFromMemory is not a mono symbol file
Symbol file data-00000159AD1A5FF0 doesn't match image C:\GIT_FILES\Groove_2024\Groove_2024\Library\ScriptAssemblies\UnityEditor.TestRunner.dll
Symbol file LoadedFromMemory is not a mono symbol file
Symbol file data-0000015BE2FFD010 doesn't match image C:\GIT_FILES\Groove_2024\Groove_2024\Library\ScriptAssemblies\Unity.VisualScripting.Flow.dll
Symbol file LoadedFromMemory is not a mono symbol file
Symbol file data-00000159AC09F010 doesn't match image C:\GIT_FILES\Groove_2024\Groove_2024\Library\ScriptAssemblies\Unity.VisualScripting.Flow.Editor.dll
Symbol file LoadedFromMemory is not a mono symbol file
Symbol file data-00000159A12A0010 doesn't match image C:\GIT_FILES\Groove_2024\Groove_2024\Library\ScriptAssemblies\Unity.Timeline.dll
Symbol file LoadedFromMemory is not a mono symbol file
Symbol file data-00000159AC024020 doesn't match image C:\GIT_FILES\Groove_2024\Groove_2024\Library\ScriptAssemblies\Unity.TestTools.CodeCoverage.Editor.OpenCover.Mono.Reflection.dll
Symbol file LoadedFromMemory is not a mono symbol file
Symbol file data-00000159A105E010 doesn't match image C:\GIT_FILES\Groove_2024\Groove_2024\Library\ScriptAssemblies\Unity.ProBuilder.Editor.dll
Symbol file LoadedFromMemory is not a mono symbol file
Symbol file data-00000159AC024020 doesn't match image C:\GIT_FILES\Groove_2024\Groove_2024\Library\ScriptAssemblies\Unity.VisualScripting.SettingsProvider.Editor.dll
Symbol file LoadedFromMemory is not a mono symbol file
Symbol file data-0000015BE3CB8010 doesn't match image C:\GIT_FILES\Groove_2024\Groove_2024\Library\ScriptAssemblies\Unity.Performance.Profile-Analyzer.Editor.dll
Symbol file LoadedFromMemory is not a mono symbol file
Symbol file data-0000015BE2BC5010 doesn't match image C:\GIT_FILES\Groove_2024\Groove_2024\Library\ScriptAssemblies\Unity.TestTools.CodeCoverage.Editor.dll
Symbol file LoadedFromMemory is not a mono symbol file
Symbol file data-0000015BE28A8070 doesn't match image C:\GIT_FILES\Groove_2024\Groove_2024\Library\ScriptAssemblies\Unity.TestTools.CodeCoverage.Editor.OpenCover.Model.dll
Symbol file LoadedFromMemory is not a mono symbol file
Symbol file data-0000015B5E838020 doesn't match image C:\GIT_FILES\Groove_2024\Groove_2024\Library\ScriptAssemblies\Unity.ProBuilder.Poly2Tri.dll
Symbol file LoadedFromMemory is not a mono symbol file
Symbol file data-0000015B80D1A010 doesn't match image C:\GIT_FILES\Groove_2024\Groove_2024\Library\ScriptAssemblies\UnityEngine.TestRunner.dll
Symbol file LoadedFromMemory is not a mono symbol file
Symbol file data-0000015BE3AE6040 doesn't match image C:\GIT_FILES\Groove_2024\Groove_2024\Library\ScriptAssemblies\Unity.VisualScripting.State.Editor.dll
Symbol file LoadedFromMemory is not a mono symbol file
Symbol file data-0000015B5E85A770 doesn't match image C:\GIT_FILES\Groove_2024\Groove_2024\Library\ScriptAssemblies\Unity.Settings.Editor.dll
Symbol file LoadedFromMemory is not a mono symbol file
Symbol file data-0000015BE28A8070 doesn't match image C:\GIT_FILES\Groove_2024\Groove_2024\Library\ScriptAssemblies\Unity.ProBuilder.KdTree.dll
Symbol file LoadedFromMemory is not a mono symbol file
Symbol file data-0000015BE3A42040 doesn't match image C:\GIT_FILES\Groove_2024\Groove_2024\Library\ScriptAssemblies\Unity.TextMeshPro.dll
Symbol file LoadedFromMemory is not a mono symbol file
Symbol file data-0000015BE4D3F020 doesn't match image C:\GIT_FILES\Groove_2024\Groove_2024\Library\ScriptAssemblies\Unity.TextMeshPro.Editor.dll
Symbol file LoadedFromMemory is not a mono symbol file
Symbol file data-00000159A1B58030 doesn't match image C:\GIT_FILES\Groove_2024\Groove_2024\Library\ScriptAssemblies\Unity.ProBuilder.AssetIdRemapUtility.dll
Symbol file LoadedFromMemory is not a mono symbol file
Symbol file data-0000015BE4D651C0 doesn't match image C:\GIT_FILES\Groove_2024\Groove_2024\Library\ScriptAssemblies\Unity.VisualScripting.State.dll
Symbol file LoadedFromMemory is not a mono symbol file
Symbol file data-0000015BE4D651C0 doesn't match image C:\GIT_FILES\Groove_2024\Groove_2024\Library\ScriptAssemblies\Unity.VSCode.Editor.dll
Symbol file LoadedFromMemory is not a mono symbol file
- Loaded All Assemblies, in  0.350 seconds
Refreshing native plugins compatible for Editor in 2.16 ms, found 3 plugins.
Native extension for WindowsStandalone target not found
[Package Manager] Server::EnsureServerProcessIsRunning -- launch failed, reason: Unity was launched with the -noUpm command-line argument
[Package Manager] UpmClient::Send -- Unable to send message (not connected to UPM process).
[Package Manager] Cannot connect to Unity Package Manager local server
Mono: successfully reloaded assembly
- Finished resetting the current domain, in  0.801 seconds
Domain Reload Profiling: 1150ms
	BeginReloadAssembly (117ms)
		ExecutionOrderSort (0ms)
		DisableScriptedObjects (4ms)
		BackupInstance (0ms)
		ReleaseScriptingObjects (0ms)
		CreateAndSetChildDomain (24ms)
	RebuildCommonClasses (25ms)
	RebuildNativeTypeToScriptingClass (8ms)
	initialDomainReloadingComplete (27ms)
	LoadAllAssembliesAndSetupDomain (171ms)
		LoadAssemblies (220ms)
		RebuildTransferFunctionScriptingTraits (0ms)
		AnalyzeDomain (12ms)
			TypeCache.Refresh (5ms)
				TypeCache.ScanAssembly (0ms)
			ScanForSourceGeneratedMonoScriptInfo (0ms)
			ResolveRequiredComponents (4ms)
	FinalizeReload (802ms)
		ReleaseScriptCaches (0ms)
		RebuildScriptCaches (0ms)
		SetupLoadedEditorAssemblies (416ms)
			LogAssemblyErrors (0ms)
			InitializePlatformSupportModulesInManaged (5ms)
			SetLoadedEditorAssemblies (3ms)
			RefreshPlugins (0ms)
			BeforeProcessingInitializeOnLoad (80ms)
			ProcessInitializeOnLoadAttributes (305ms)
			ProcessInitializeOnLoadMethodAttributes (18ms)
			AfterProcessingInitializeOnLoad (5ms)
			EditorAssembliesLoaded (0ms)
		ExecutionOrderSort2 (0ms)
		AwakeInstancesAfterBackupRestoration (6ms)
Refreshing native plugins compatible for Editor in 4.48 ms, found 3 plugins.
Preloading 0 native plugins for Editor in 0.00 ms.
Unloading 3448 Unused Serialized files (Serialized files now loaded: 0)
Unloading 25 unused Assets / (96.5 KB). Loaded Objects now: 4006.
Memory consumption went from 166.1 MB to 166.0 MB.
Total: 4.739300 ms (FindLiveObjects: 0.416400 ms CreateObjectMapping: 0.219800 ms MarkObjects: 3.855300 ms  DeleteObjects: 0.245900 ms)

Prepare: number of updated asset objects reloaded= 0
AssetImportParameters requested are different than current active one (requested -> active):
  custom:container-demuxer-ogg: 62fdf1f143b41e24485cea50d1cbac27 -> 
  custom:video-decoder-ogg-theora: a1e56fd34408186e4bbccfd4996cb3dc -> 
  custom:framework-win-MediaFoundation: 216162199b28c13a410421893ffa2e32 -> 
  custom:CustomObjectIndexerAttribute: 9a22284fe3817be447336de3de66b15e -> 
  custom:container-demuxer-webm: 4f35f7cbe854078d1ac9338744f61a02 -> 
  custom:container-muxer-webm: aa71ff27fc2769a1b78a27578f13a17b -> 
  custom:video-decoder-webm-vp8: 9c59270c3fd7afecdb556c50c9e8de78 -> 
  custom:SearchIndexIgnoredProperties: e643bd26f0fe6173181afceb89e7c659 -> 
  custom:AudioImporter_EditorPlatform: d09bf68614088b80899f8185d706f6e7 -> 
  custom:video-encoder-webm-vp8: eb34c28f22e8b96e1ab97ce403110664 -> 
  custom:audio-decoder-ogg-vorbis: bf7c407c2cedff20999df2af8eb42d56 -> 
  custom:audio-encoder-webm-vorbis: bf7c407c2cedff20999df2af8eb42d56 -> 
========================================================================
Received Prepare
Begin MonoManager ReloadAssembly
Symbol file data-00000159AD1DC1A0 doesn't match image C:\GIT_FILES\Groove_2024\Groove_2024\Library\ScriptAssemblies\Unity.EditorCoroutines.Editor.dll
Symbol file LoadedFromMemory is not a mono symbol file
Symbol file data-0000015BE5A07D50 doesn't match image C:\GIT_FILES\Groove_2024\Groove_2024\Library\ScriptAssemblies\Unity.PlasticSCM.Editor.dll
Symbol file LoadedFromMemory is not a mono symbol file
Symbol file data-00000159A0F37050 doesn't match image C:\GIT_FILES\Groove_2024\Groove_2024\Library\ScriptAssemblies\Unity.ProBuilder.Stl.dll
Symbol file LoadedFromMemory is not a mono symbol file
Symbol file data-0000015B5E3EAAA0 doesn't match image C:\GIT_FILES\Groove_2024\Groove_2024\Library\ScriptAssemblies\Unity.ProBuilder.dll
Symbol file LoadedFromMemory is not a mono symbol file
Symbol file data-00000159A25ED030 doesn't match image C:\GIT_FILES\Groove_2024\Groove_2024\Library\ScriptAssemblies\Unity.Timeline.Editor.dll
Symbol file LoadedFromMemory is not a mono symbol file
Symbol file data-00000159A0F37050 doesn't match image C:\GIT_FILES\Groove_2024\Groove_2024\Library\ScriptAssemblies\Unity.VisualScripting.Shared.Editor.dll
Symbol file LoadedFromMemory is not a mono symbol file
Symbol file data-00000159A13E3220 doesn't match image C:\GIT_FILES\Groove_2024\Groove_2024\Library\ScriptAssemblies\Unity.CollabProxy.Editor.dll
Symbol file LoadedFromMemory is not a mono symbol file
Symbol file data-00000159A06B8020 doesn't match image C:\GIT_FILES\Groove_2024\Groove_2024\Library\ScriptAssemblies\Unity.VisualStudio.Editor.dll
Symbol file LoadedFromMemory is not a mono symbol file
Symbol file data-00000159A2742080 doesn't match image C:\GIT_FILES\Groove_2024\Groove_2024\Library\ScriptAssemblies\UnityEditor.UI.dll
Symbol file LoadedFromMemory is not a mono symbol file
Symbol file data-00000159ABBAE010 doesn't match image C:\GIT_FILES\Groove_2024\Groove_2024\Library\ScriptAssemblies\Unity.VisualScripting.Core.dll
Symbol file LoadedFromMemory is not a mono symbol file
Symbol file data-0000015B5EABAFB0 doesn't match image C:\GIT_FILES\Groove_2024\Groove_2024\Library\ScriptAssemblies\UnityEngine.UI.dll
Symbol file LoadedFromMemory is not a mono symbol file
Symbol file data-00000159A25ED030 doesn't match image C:\GIT_FILES\Groove_2024\Groove_2024\Library\ScriptAssemblies\Unity.VisualScripting.Core.Editor.dll
Symbol file LoadedFromMemory is not a mono symbol file
Symbol file data-0000015BE28BF020 doesn't match image C:\GIT_FILES\Groove_2024\Groove_2024\Library\ScriptAssemblies\Unity.ProBuilder.AddOns.Editor.dll
Symbol file LoadedFromMemory is not a mono symbol file
Symbol file data-0000015B808642E0 doesn't match image C:\GIT_FILES\Groove_2024\Groove_2024\Library\ScriptAssemblies\Unity.Rider.Editor.dll
Symbol file LoadedFromMemory is not a mono symbol file
Symbol file data-00000159A1B61060 doesn't match image C:\GIT_FILES\Groove_2024\Groove_2024\Library\ScriptAssemblies\Unity.ProBuilder.Csg.dll
Symbol file LoadedFromMemory is not a mono symbol file
Symbol file data-00000159A0EF7030 doesn't match image C:\GIT_FILES\Groove_2024\Groove_2024\Library\ScriptAssemblies\UnityEditor.TestRunner.dll
Symbol file LoadedFromMemory is not a mono symbol file
Symbol file data-0000015BE2FFD010 doesn't match image C:\GIT_FILES\Groove_2024\Groove_2024\Library\ScriptAssemblies\Unity.VisualScripting.Flow.dll
Symbol file LoadedFromMemory is not a mono symbol file
Symbol file data-00000159AC09F010 doesn't match image C:\GIT_FILES\Groove_2024\Groove_2024\Library\ScriptAssemblies\Unity.VisualScripting.Flow.Editor.dll
Symbol file LoadedFromMemory is not a mono symbol file
Symbol file data-0000015B3B53C020 doesn't match image C:\GIT_FILES\Groove_2024\Groove_2024\Library\ScriptAssemblies\Unity.Timeline.dll
Symbol file LoadedFromMemory is not a mono symbol file
Symbol file data-00000159A0F37050 doesn't match image C:\GIT_FILES\Groove_2024\Groove_2024\Library\ScriptAssemblies\Unity.TestTools.CodeCoverage.Editor.OpenCover.Mono.Reflection.dll
Symbol file LoadedFromMemory is not a mono symbol file
Symbol file data-0000015BE1C170D0 doesn't match image C:\GIT_FILES\Groove_2024\Groove_2024\Library\ScriptAssemblies\Unity.ProBuilder.Editor.dll
Symbol file LoadedFromMemory is not a mono symbol file
Symbol file data-00000159A0F37050 doesn't match image C:\GIT_FILES\Groove_2024\Groove_2024\Library\ScriptAssemblies\Unity.VisualScripting.SettingsProvider.Editor.dll
Symbol file LoadedFromMemory is not a mono symbol file
Symbol file data-00000159A2446E50 doesn't match image C:\GIT_FILES\Groove_2024\Groove_2024\Library\ScriptAssemblies\Unity.Performance.Profile-Analyzer.Editor.dll
Symbol file LoadedFromMemory is not a mono symbol file
Symbol file data-00000159A26A3040 doesn't match image C:\GIT_FILES\Groove_2024\Groove_2024\Library\ScriptAssemblies\Unity.TestTools.CodeCoverage.Editor.dll
Symbol file LoadedFromMemory is not a mono symbol file
Symbol file data-0000015BE28D9020 doesn't match image C:\GIT_FILES\Groove_2024\Groove_2024\Library\ScriptAssemblies\Unity.TestTools.CodeCoverage.Editor.OpenCover.Model.dll
Symbol file LoadedFromMemory is not a mono symbol file
Symbol file data-00000159A1459250 doesn't match image C:\GIT_FILES\Groove_2024\Groove_2024\Library\ScriptAssemblies\Unity.ProBuilder.Poly2Tri.dll
Symbol file LoadedFromMemory is not a mono symbol file
Symbol file data-0000015B80D1A010 doesn't match image C:\GIT_FILES\Groove_2024\Groove_2024\Library\ScriptAssemblies\UnityEngine.TestRunner.dll
Symbol file LoadedFromMemory is not a mono symbol file
Symbol file data-00000159A2742080 doesn't match image C:\GIT_FILES\Groove_2024\Groove_2024\Library\ScriptAssemblies\Unity.VisualScripting.State.Editor.dll
Symbol file LoadedFromMemory is not a mono symbol file
Symbol file data-00000159A1459250 doesn't match image C:\GIT_FILES\Groove_2024\Groove_2024\Library\ScriptAssemblies\Unity.Settings.Editor.dll
Symbol file LoadedFromMemory is not a mono symbol file
Symbol file data-0000015BE28D9020 doesn't match image C:\GIT_FILES\Groove_2024\Groove_2024\Library\ScriptAssemblies\Unity.ProBuilder.KdTree.dll
Symbol file LoadedFromMemory is not a mono symbol file
Symbol file data-0000015BE21BE070 doesn't match image C:\GIT_FILES\Groove_2024\Groove_2024\Library\ScriptAssemblies\Unity.TextMeshPro.dll
Symbol file LoadedFromMemory is not a mono symbol file
Symbol file data-00000159A0EF7030 doesn't match image C:\GIT_FILES\Groove_2024\Groove_2024\Library\ScriptAssemblies\Unity.TextMeshPro.Editor.dll
Symbol file LoadedFromMemory is not a mono symbol file
Symbol file data-00000159A1B58030 doesn't match image C:\GIT_FILES\Groove_2024\Groove_2024\Library\ScriptAssemblies\Unity.ProBuilder.AssetIdRemapUtility.dll
Symbol file LoadedFromMemory is not a mono symbol file
Symbol file data-00000159AC8B7010 doesn't match image C:\GIT_FILES\Groove_2024\Groove_2024\Library\ScriptAssemblies\Unity.VisualScripting.State.dll
Symbol file LoadedFromMemory is not a mono symbol file
Symbol file data-00000159AC8B7010 doesn't match image C:\GIT_FILES\Groove_2024\Groove_2024\Library\ScriptAssemblies\Unity.VSCode.Editor.dll
Symbol file LoadedFromMemory is not a mono symbol file
- Loaded All Assemblies, in  0.517 seconds
Refreshing native plugins compatible for Editor in 5.08 ms, found 3 plugins.
Native extension for WindowsStandalone target not found
[Package Manager] Server::EnsureServerProcessIsRunning -- launch failed, reason: Unity was launched with the -noUpm command-line argument
[Package Manager] UpmClient::Send -- Unable to send message (not connected to UPM process).
[Package Manager] Cannot connect to Unity Package Manager local server
Mono: successfully reloaded assembly
- Finished resetting the current domain, in  1.119 seconds
Domain Reload Profiling: 1635ms
	BeginReloadAssembly (124ms)
		ExecutionOrderSort (0ms)
		DisableScriptedObjects (4ms)
		BackupInstance (0ms)
		ReleaseScriptingObjects (0ms)
		CreateAndSetChildDomain (30ms)
	RebuildCommonClasses (29ms)
	RebuildNativeTypeToScriptingClass (15ms)
	initialDomainReloadingComplete (22ms)
	LoadAllAssembliesAndSetupDomain (325ms)
		LoadAssemblies (353ms)
		RebuildTransferFunctionScriptingTraits (0ms)
		AnalyzeDomain (35ms)
			TypeCache.Refresh (14ms)
				TypeCache.ScanAssembly (1ms)
			ScanForSourceGeneratedMonoScriptInfo (10ms)
			ResolveRequiredComponents (9ms)
	FinalizeReload (1120ms)
		ReleaseScriptCaches (0ms)
		RebuildScriptCaches (0ms)
		SetupLoadedEditorAssemblies (529ms)
			LogAssemblyErrors (0ms)
			InitializePlatformSupportModulesInManaged (8ms)
			SetLoadedEditorAssemblies (5ms)
			RefreshPlugins (0ms)
			BeforeProcessingInitializeOnLoad (116ms)
			ProcessInitializeOnLoadAttributes (353ms)
			ProcessInitializeOnLoadMethodAttributes (38ms)
			AfterProcessingInitializeOnLoad (9ms)
			EditorAssembliesLoaded (0ms)
		ExecutionOrderSort2 (0ms)
		AwakeInstancesAfterBackupRestoration (15ms)
Refreshing native plugins compatible for Editor in 3.97 ms, found 3 plugins.
Preloading 0 native plugins for Editor in 0.00 ms.
Unloading 3448 Unused Serialized files (Serialized files now loaded: 0)
Unloading 25 unused Assets / (96.4 KB). Loaded Objects now: 4009.
Memory consumption went from 168.0 MB to 167.9 MB.
Total: 4.347000 ms (FindLiveObjects: 0.309600 ms CreateObjectMapping: 0.189400 ms MarkObjects: 3.664600 ms  DeleteObjects: 0.182100 ms)

Prepare: number of updated asset objects reloaded= 0
AssetImportParameters requested are different than current active one (requested -> active):
  custom:container-demuxer-ogg: 62fdf1f143b41e24485cea50d1cbac27 -> 
  custom:video-decoder-ogg-theora: a1e56fd34408186e4bbccfd4996cb3dc -> 
  custom:framework-win-MediaFoundation: 216162199b28c13a410421893ffa2e32 -> 
  custom:CustomObjectIndexerAttribute: 9a22284fe3817be447336de3de66b15e -> 
  custom:container-demuxer-webm: 4f35f7cbe854078d1ac9338744f61a02 -> 
  custom:container-muxer-webm: aa71ff27fc2769a1b78a27578f13a17b -> 
  custom:video-decoder-webm-vp8: 9c59270c3fd7afecdb556c50c9e8de78 -> 
  custom:SearchIndexIgnoredProperties: e643bd26f0fe6173181afceb89e7c659 -> 
  custom:AudioImporter_EditorPlatform: d09bf68614088b80899f8185d706f6e7 -> 
  custom:video-encoder-webm-vp8: eb34c28f22e8b96e1ab97ce403110664 -> 
  custom:audio-decoder-ogg-vorbis: bf7c407c2cedff20999df2af8eb42d56 -> 
  custom:audio-encoder-webm-vorbis: bf7c407c2cedff20999df2af8eb42d56 -> 
========================================================================
Received Prepare
Begin MonoManager ReloadAssembly
Symbol file data-0000015BE3A351D0 doesn't match image C:\GIT_FILES\Groove_2024\Groove_2024\Library\ScriptAssemblies\Unity.EditorCoroutines.Editor.dll
Symbol file LoadedFromMemory is not a mono symbol file
Symbol file data-0000015BE5A07D50 doesn't match image C:\GIT_FILES\Groove_2024\Groove_2024\Library\ScriptAssemblies\Unity.PlasticSCM.Editor.dll
Symbol file LoadedFromMemory is not a mono symbol file
Symbol file data-00000159A2441320 doesn't match image C:\GIT_FILES\Groove_2024\Groove_2024\Library\ScriptAssemblies\Unity.ProBuilder.Stl.dll
Symbol file LoadedFromMemory is not a mono symbol file
Symbol file data-00000159AB832040 doesn't match image C:\GIT_FILES\Groove_2024\Groove_2024\Library\ScriptAssemblies\Unity.ProBuilder.dll
Symbol file LoadedFromMemory is not a mono symbol file
Symbol file data-00000159A25ED030 doesn't match image C:\GIT_FILES\Groove_2024\Groove_2024\Library\ScriptAssemblies\Unity.Timeline.Editor.dll
Symbol file LoadedFromMemory is not a mono symbol file
Symbol file data-0000015BE5A73BC0 doesn't match image C:\GIT_FILES\Groove_2024\Groove_2024\Library\ScriptAssemblies\Unity.VisualScripting.Shared.Editor.dll
Symbol file LoadedFromMemory is not a mono symbol file
Symbol file data-0000015B800165D0 doesn't match image C:\GIT_FILES\Groove_2024\Groove_2024\Library\ScriptAssemblies\Unity.CollabProxy.Editor.dll
Symbol file LoadedFromMemory is not a mono symbol file
Symbol file data-00000159A0C67040 doesn't match image C:\GIT_FILES\Groove_2024\Groove_2024\Library\ScriptAssemblies\Unity.VisualStudio.Editor.dll
Symbol file LoadedFromMemory is not a mono symbol file
Symbol file data-00000159A1B19030 doesn't match image C:\GIT_FILES\Groove_2024\Groove_2024\Library\ScriptAssemblies\UnityEditor.UI.dll
Symbol file LoadedFromMemory is not a mono symbol file
Symbol file data-00000159ABBAE010 doesn't match image C:\GIT_FILES\Groove_2024\Groove_2024\Library\ScriptAssemblies\Unity.VisualScripting.Core.dll
Symbol file LoadedFromMemory is not a mono symbol file
Symbol file data-0000015B5EABAFB0 doesn't match image C:\GIT_FILES\Groove_2024\Groove_2024\Library\ScriptAssemblies\UnityEngine.UI.dll
Symbol file LoadedFromMemory is not a mono symbol file
Symbol file data-00000159A25ED030 doesn't match image C:\GIT_FILES\Groove_2024\Groove_2024\Library\ScriptAssemblies\Unity.VisualScripting.Core.Editor.dll
Symbol file LoadedFromMemory is not a mono symbol file
Symbol file data-00000159A14BC020 doesn't match image C:\GIT_FILES\Groove_2024\Groove_2024\Library\ScriptAssemblies\Unity.ProBuilder.AddOns.Editor.dll
Symbol file LoadedFromMemory is not a mono symbol file
Symbol file data-0000015B808642E0 doesn't match image C:\GIT_FILES\Groove_2024\Groove_2024\Library\ScriptAssemblies\Unity.Rider.Editor.dll
Symbol file LoadedFromMemory is not a mono symbol file
Symbol file data-0000015B806DE0D0 doesn't match image C:\GIT_FILES\Groove_2024\Groove_2024\Library\ScriptAssemblies\Unity.ProBuilder.Csg.dll
Symbol file LoadedFromMemory is not a mono symbol file
Symbol file data-00000159A0EF7030 doesn't match image C:\GIT_FILES\Groove_2024\Groove_2024\Library\ScriptAssemblies\UnityEditor.TestRunner.dll
Symbol file LoadedFromMemory is not a mono symbol file
Symbol file data-0000015BE1684040 doesn't match image C:\GIT_FILES\Groove_2024\Groove_2024\Library\ScriptAssemblies\Unity.VisualScripting.Flow.dll
Symbol file LoadedFromMemory is not a mono symbol file
Symbol file data-00000159AC09F010 doesn't match image C:\GIT_FILES\Groove_2024\Groove_2024\Library\ScriptAssemblies\Unity.VisualScripting.Flow.Editor.dll
Symbol file LoadedFromMemory is not a mono symbol file
Symbol file data-00000159A1A75030 doesn't match image C:\GIT_FILES\Groove_2024\Groove_2024\Library\ScriptAssemblies\Unity.Timeline.dll
Symbol file LoadedFromMemory is not a mono symbol file
Symbol file data-0000015B5EAA5FF0 doesn't match image C:\GIT_FILES\Groove_2024\Groove_2024\Library\ScriptAssemblies\Unity.TestTools.CodeCoverage.Editor.OpenCover.Mono.Reflection.dll
Symbol file LoadedFromMemory is not a mono symbol file
Symbol file data-0000015BE1C170D0 doesn't match image C:\GIT_FILES\Groove_2024\Groove_2024\Library\ScriptAssemblies\Unity.ProBuilder.Editor.dll
Symbol file LoadedFromMemory is not a mono symbol file
Symbol file data-00000159ABC7E050 doesn't match image C:\GIT_FILES\Groove_2024\Groove_2024\Library\ScriptAssemblies\Unity.VisualScripting.SettingsProvider.Editor.dll
Symbol file LoadedFromMemory is not a mono symbol file
Symbol file data-00000159A1F50020 doesn't match image C:\GIT_FILES\Groove_2024\Groove_2024\Library\ScriptAssemblies\Unity.Performance.Profile-Analyzer.Editor.dll
Symbol file LoadedFromMemory is not a mono symbol file
Symbol file data-00000159A270D050 doesn't match image C:\GIT_FILES\Groove_2024\Groove_2024\Library\ScriptAssemblies\Unity.TestTools.CodeCoverage.Editor.dll
Symbol file LoadedFromMemory is not a mono symbol file
Symbol file data-00000159A1B61060 doesn't match image C:\GIT_FILES\Groove_2024\Groove_2024\Library\ScriptAssemblies\Unity.TestTools.CodeCoverage.Editor.OpenCover.Model.dll
Symbol file LoadedFromMemory is not a mono symbol file
Symbol file data-00000159ACF5AB40 doesn't match image C:\GIT_FILES\Groove_2024\Groove_2024\Library\ScriptAssemblies\Unity.ProBuilder.Poly2Tri.dll
Symbol file LoadedFromMemory is not a mono symbol file
Symbol file data-00000159A06B8020 doesn't match image C:\GIT_FILES\Groove_2024\Groove_2024\Library\ScriptAssemblies\UnityEngine.TestRunner.dll
Symbol file LoadedFromMemory is not a mono symbol file
Symbol file data-00000159AB6DB040 doesn't match image C:\GIT_FILES\Groove_2024\Groove_2024\Library\ScriptAssemblies\Unity.VisualScripting.State.Editor.dll
Symbol file LoadedFromMemory is not a mono symbol file
Symbol file data-0000015BE1C9A080 doesn't match image C:\GIT_FILES\Groove_2024\Groove_2024\Library\ScriptAssemblies\Unity.Settings.Editor.dll
Symbol file LoadedFromMemory is not a mono symbol file
Symbol file data-00000159A21B3020 doesn't match image C:\GIT_FILES\Groove_2024\Groove_2024\Library\ScriptAssemblies\Unity.ProBuilder.KdTree.dll
Symbol file LoadedFromMemory is not a mono symbol file
Symbol file data-00000159AB832040 doesn't match image C:\GIT_FILES\Groove_2024\Groove_2024\Library\ScriptAssemblies\Unity.TextMeshPro.dll
Symbol file LoadedFromMemory is not a mono symbol file
Symbol file data-0000015BE19A90C0 doesn't match image C:\GIT_FILES\Groove_2024\Groove_2024\Library\ScriptAssemblies\Unity.TextMeshPro.Editor.dll
Symbol file LoadedFromMemory is not a mono symbol file
Symbol file data-0000015B80715660 doesn't match image C:\GIT_FILES\Groove_2024\Groove_2024\Library\ScriptAssemblies\Unity.ProBuilder.AssetIdRemapUtility.dll
Symbol file LoadedFromMemory is not a mono symbol file
Symbol file data-00000159A20A2010 doesn't match image C:\GIT_FILES\Groove_2024\Groove_2024\Library\ScriptAssemblies\Unity.VisualScripting.State.dll
Symbol file LoadedFromMemory is not a mono symbol file
Symbol file data-0000015B5F091010 doesn't match image C:\GIT_FILES\Groove_2024\Groove_2024\Library\ScriptAssemblies\Unity.VSCode.Editor.dll
Symbol file LoadedFromMemory is not a mono symbol file
- Loaded All Assemblies, in  0.456 seconds
Refreshing native plugins compatible for Editor in 2.48 ms, found 3 plugins.
Native extension for WindowsStandalone target not found
[Package Manager] Server::EnsureServerProcessIsRunning -- launch failed, reason: Unity was launched with the -noUpm command-line argument
[Package Manager] UpmClient::Send -- Unable to send message (not connected to UPM process).
[Package Manager] Cannot connect to Unity Package Manager local server
Mono: successfully reloaded assembly
- Finished resetting the current domain, in  1.089 seconds
Domain Reload Profiling: 1544ms
	BeginReloadAssembly (134ms)
		ExecutionOrderSort (0ms)
		DisableScriptedObjects (4ms)
		BackupInstance (0ms)
		ReleaseScriptingObjects (0ms)
		CreateAndSetChildDomain (32ms)
	RebuildCommonClasses (26ms)
	RebuildNativeTypeToScriptingClass (9ms)
	initialDomainReloadingComplete (22ms)
	LoadAllAssembliesAndSetupDomain (264ms)
		LoadAssemblies (300ms)
		RebuildTransferFunctionScriptingTraits (0ms)
		AnalyzeDomain (30ms)
			TypeCache.Refresh (11ms)
				TypeCache.ScanAssembly (0ms)
			ScanForSourceGeneratedMonoScriptInfo (9ms)
			ResolveRequiredComponents (8ms)
	FinalizeReload (1089ms)
		ReleaseScriptCaches (0ms)
		RebuildScriptCaches (0ms)
		SetupLoadedEditorAssemblies (477ms)
			LogAssemblyErrors (0ms)
			InitializePlatformSupportModulesInManaged (9ms)
			SetLoadedEditorAssemblies (4ms)
			RefreshPlugins (0ms)
			BeforeProcessingInitializeOnLoad (103ms)
			ProcessInitializeOnLoadAttributes (338ms)
			ProcessInitializeOnLoadMethodAttributes (18ms)
			AfterProcessingInitializeOnLoad (5ms)
			EditorAssembliesLoaded (0ms)
		ExecutionOrderSort2 (0ms)
		AwakeInstancesAfterBackupRestoration (6ms)
Script is not up to date after domain reload: guid(482e0c6099164c54484764ca117d82e3) path("Assets/GameLogic.cs") state(2)
Refreshing native plugins compatible for Editor in 4.39 ms, found 3 plugins.
Preloading 0 native plugins for Editor in 0.00 ms.
Unloading 3447 Unused Serialized files (Serialized files now loaded: 0)
Unloading 25 unused Assets / (88.2 KB). Loaded Objects now: 4011.
Memory consumption went from 169.9 MB to 169.8 MB.
Total: 3.765600 ms (FindLiveObjects: 0.267500 ms CreateObjectMapping: 0.155600 ms MarkObjects: 3.179000 ms  DeleteObjects: 0.162300 ms)

Prepare: number of updated asset objects reloaded= 0
AssetImportParameters requested are different than current active one (requested -> active):
  custom:container-demuxer-ogg: 62fdf1f143b41e24485cea50d1cbac27 -> 
  custom:video-decoder-ogg-theora: a1e56fd34408186e4bbccfd4996cb3dc -> 
  custom:framework-win-MediaFoundation: 216162199b28c13a410421893ffa2e32 -> 
  custom:CustomObjectIndexerAttribute: 9a22284fe3817be447336de3de66b15e -> 
  custom:container-demuxer-webm: 4f35f7cbe854078d1ac9338744f61a02 -> 
  custom:container-muxer-webm: aa71ff27fc2769a1b78a27578f13a17b -> 
  custom:video-decoder-webm-vp8: 9c59270c3fd7afecdb556c50c9e8de78 -> 
  custom:SearchIndexIgnoredProperties: e643bd26f0fe6173181afceb89e7c659 -> 
  custom:AudioImporter_EditorPlatform: d09bf68614088b80899f8185d706f6e7 -> 
  custom:video-encoder-webm-vp8: eb34c28f22e8b96e1ab97ce403110664 -> 
  custom:audio-decoder-ogg-vorbis: bf7c407c2cedff20999df2af8eb42d56 -> 
  custom:audio-encoder-webm-vorbis: bf7c407c2cedff20999df2af8eb42d56 -> 
========================================================================
Received Prepare
Begin MonoManager ReloadAssembly
Symbol file data-00000159AD1414A0 doesn't match image C:\GIT_FILES\Groove_2024\Groove_2024\Library\ScriptAssemblies\Unity.EditorCoroutines.Editor.dll
Symbol file LoadedFromMemory is not a mono symbol file
Symbol file data-0000015BE1B04010 doesn't match image C:\GIT_FILES\Groove_2024\Groove_2024\Library\ScriptAssemblies\Unity.PlasticSCM.Editor.dll
Symbol file LoadedFromMemory is not a mono symbol file
Symbol file data-00000159A2441320 doesn't match image C:\GIT_FILES\Groove_2024\Groove_2024\Library\ScriptAssemblies\Unity.ProBuilder.Stl.dll
Symbol file LoadedFromMemory is not a mono symbol file
Symbol file data-0000015B5EAE8FC0 doesn't match image C:\GIT_FILES\Groove_2024\Groove_2024\Library\ScriptAssemblies\Unity.ProBuilder.dll
Symbol file LoadedFromMemory is not a mono symbol file
Symbol file data-00000159A25ED030 doesn't match image C:\GIT_FILES\Groove_2024\Groove_2024\Library\ScriptAssemblies\Unity.Timeline.Editor.dll
Symbol file LoadedFromMemory is not a mono symbol file
Symbol file data-0000015BE5A73BC0 doesn't match image C:\GIT_FILES\Groove_2024\Groove_2024\Library\ScriptAssemblies\Unity.VisualScripting.Shared.Editor.dll
Symbol file LoadedFromMemory is not a mono symbol file
Symbol file data-0000015B800165D0 doesn't match image C:\GIT_FILES\Groove_2024\Groove_2024\Library\ScriptAssemblies\Unity.CollabProxy.Editor.dll
Symbol file LoadedFromMemory is not a mono symbol file
Symbol file data-00000159A0C67040 doesn't match image C:\GIT_FILES\Groove_2024\Groove_2024\Library\ScriptAssemblies\Unity.VisualStudio.Editor.dll
Symbol file LoadedFromMemory is not a mono symbol file
Symbol file data-00000159A1B19030 doesn't match image C:\GIT_FILES\Groove_2024\Groove_2024\Library\ScriptAssemblies\UnityEditor.UI.dll
Symbol file LoadedFromMemory is not a mono symbol file
Symbol file data-00000159ABBAE010 doesn't match image C:\GIT_FILES\Groove_2024\Groove_2024\Library\ScriptAssemblies\Unity.VisualScripting.Core.dll
Symbol file LoadedFromMemory is not a mono symbol file
Symbol file data-0000015B5EABAFB0 doesn't match image C:\GIT_FILES\Groove_2024\Groove_2024\Library\ScriptAssemblies\UnityEngine.UI.dll
Symbol file LoadedFromMemory is not a mono symbol file
Symbol file data-00000159A25ED030 doesn't match image C:\GIT_FILES\Groove_2024\Groove_2024\Library\ScriptAssemblies\Unity.VisualScripting.Core.Editor.dll
Symbol file LoadedFromMemory is not a mono symbol file
Symbol file data-0000015BE2A1E080 doesn't match image C:\GIT_FILES\Groove_2024\Groove_2024\Library\ScriptAssemblies\Unity.ProBuilder.AddOns.Editor.dll
Symbol file LoadedFromMemory is not a mono symbol file
Symbol file data-0000015B808642E0 doesn't match image C:\GIT_FILES\Groove_2024\Groove_2024\Library\ScriptAssemblies\Unity.Rider.Editor.dll
Symbol file LoadedFromMemory is not a mono symbol file
Symbol file data-0000015B806DE0D0 doesn't match image C:\GIT_FILES\Groove_2024\Groove_2024\Library\ScriptAssemblies\Unity.ProBuilder.Csg.dll
Symbol file LoadedFromMemory is not a mono symbol file
Symbol file data-00000159ACB05020 doesn't match image C:\GIT_FILES\Groove_2024\Groove_2024\Library\ScriptAssemblies\UnityEditor.TestRunner.dll
Symbol file LoadedFromMemory is not a mono symbol file
Symbol file data-0000015BE1684040 doesn't match image C:\GIT_FILES\Groove_2024\Groove_2024\Library\ScriptAssemblies\Unity.VisualScripting.Flow.dll
Symbol file LoadedFromMemory is not a mono symbol file
Symbol file data-00000159AC09F010 doesn't match image C:\GIT_FILES\Groove_2024\Groove_2024\Library\ScriptAssemblies\Unity.VisualScripting.Flow.Editor.dll
Symbol file LoadedFromMemory is not a mono symbol file
Symbol file data-00000159A1A75030 doesn't match image C:\GIT_FILES\Groove_2024\Groove_2024\Library\ScriptAssemblies\Unity.Timeline.dll
Symbol file LoadedFromMemory is not a mono symbol file
Symbol file data-00000159ABD4E020 doesn't match image C:\GIT_FILES\Groove_2024\Groove_2024\Library\ScriptAssemblies\Unity.TestTools.CodeCoverage.Editor.OpenCover.Mono.Reflection.dll
Symbol file LoadedFromMemory is not a mono symbol file
Symbol file data-0000015BE3C2E010 doesn't match image C:\GIT_FILES\Groove_2024\Groove_2024\Library\ScriptAssemblies\Unity.ProBuilder.Editor.dll
Symbol file LoadedFromMemory is not a mono symbol file
Symbol file data-00000159ABC7E050 doesn't match image C:\GIT_FILES\Groove_2024\Groove_2024\Library\ScriptAssemblies\Unity.VisualScripting.SettingsProvider.Editor.dll
Symbol file LoadedFromMemory is not a mono symbol file
Symbol file data-00000159A1F50020 doesn't match image C:\GIT_FILES\Groove_2024\Groove_2024\Library\ScriptAssemblies\Unity.Performance.Profile-Analyzer.Editor.dll
Symbol file LoadedFromMemory is not a mono symbol file
Symbol file data-00000159A270D050 doesn't match image C:\GIT_FILES\Groove_2024\Groove_2024\Library\ScriptAssemblies\Unity.TestTools.CodeCoverage.Editor.dll
Symbol file LoadedFromMemory is not a mono symbol file
Symbol file data-00000159A1B61060 doesn't match image C:\GIT_FILES\Groove_2024\Groove_2024\Library\ScriptAssemblies\Unity.TestTools.CodeCoverage.Editor.OpenCover.Model.dll
Symbol file LoadedFromMemory is not a mono symbol file
Symbol file data-00000159ACF5AB40 doesn't match image C:\GIT_FILES\Groove_2024\Groove_2024\Library\ScriptAssemblies\Unity.ProBuilder.Poly2Tri.dll
Symbol file LoadedFromMemory is not a mono symbol file
Symbol file data-0000015B80D1A010 doesn't match image C:\GIT_FILES\Groove_2024\Groove_2024\Library\ScriptAssemblies\UnityEngine.TestRunner.dll
Symbol file LoadedFromMemory is not a mono symbol file
Symbol file data-00000159AB6DB040 doesn't match image C:\GIT_FILES\Groove_2024\Groove_2024\Library\ScriptAssemblies\Unity.VisualScripting.State.Editor.dll
Symbol file LoadedFromMemory is not a mono symbol file
Symbol file data-0000015BE1C9A080 doesn't match image C:\GIT_FILES\Groove_2024\Groove_2024\Library\ScriptAssemblies\Unity.Settings.Editor.dll
Symbol file LoadedFromMemory is not a mono symbol file
Symbol file data-00000159A21B3020 doesn't match image C:\GIT_FILES\Groove_2024\Groove_2024\Library\ScriptAssemblies\Unity.ProBuilder.KdTree.dll
Symbol file LoadedFromMemory is not a mono symbol file
Symbol file data-0000015B5EAE8FC0 doesn't match image C:\GIT_FILES\Groove_2024\Groove_2024\Library\ScriptAssemblies\Unity.TextMeshPro.dll
Symbol file LoadedFromMemory is not a mono symbol file
Symbol file data-0000015BE19A90C0 doesn't match image C:\GIT_FILES\Groove_2024\Groove_2024\Library\ScriptAssemblies\Unity.TextMeshPro.Editor.dll
Symbol file LoadedFromMemory is not a mono symbol file
Symbol file data-0000015B80715660 doesn't match image C:\GIT_FILES\Groove_2024\Groove_2024\Library\ScriptAssemblies\Unity.ProBuilder.AssetIdRemapUtility.dll
Symbol file LoadedFromMemory is not a mono symbol file
Symbol file data-00000159A20A2010 doesn't match image C:\GIT_FILES\Groove_2024\Groove_2024\Library\ScriptAssemblies\Unity.VisualScripting.State.dll
Symbol file LoadedFromMemory is not a mono symbol file
Symbol file data-0000015B5F091010 doesn't match image C:\GIT_FILES\Groove_2024\Groove_2024\Library\ScriptAssemblies\Unity.VSCode.Editor.dll
Symbol file LoadedFromMemory is not a mono symbol file
- Loaded All Assemblies, in  0.374 seconds
Refreshing native plugins compatible for Editor in 1.98 ms, found 3 plugins.
Native extension for WindowsStandalone target not found
[Package Manager] Server::EnsureServerProcessIsRunning -- launch failed, reason: Unity was launched with the -noUpm command-line argument
[Package Manager] UpmClient::Send -- Unable to send message (not connected to UPM process).
[Package Manager] Cannot connect to Unity Package Manager local server
Mono: successfully reloaded assembly
- Finished resetting the current domain, in  0.690 seconds
Domain Reload Profiling: 1062ms
	BeginReloadAssembly (119ms)
		ExecutionOrderSort (0ms)
		DisableScriptedObjects (4ms)
		BackupInstance (0ms)
		ReleaseScriptingObjects (0ms)
		CreateAndSetChildDomain (26ms)
	RebuildCommonClasses (26ms)
	RebuildNativeTypeToScriptingClass (8ms)
	initialDomainReloadingComplete (22ms)
	LoadAllAssembliesAndSetupDomain (198ms)
		LoadAssemblies (238ms)
		RebuildTransferFunctionScriptingTraits (0ms)
		AnalyzeDomain (21ms)
			TypeCache.Refresh (8ms)
				TypeCache.ScanAssembly (0ms)
			ScanForSourceGeneratedMonoScriptInfo (6ms)
			ResolveRequiredComponents (5ms)
	FinalizeReload (690ms)
		ReleaseScriptCaches (0ms)
		RebuildScriptCaches (0ms)
		SetupLoadedEditorAssemblies (345ms)
			LogAssemblyErrors (0ms)
			InitializePlatformSupportModulesInManaged (4ms)
			SetLoadedEditorAssemblies (3ms)
			RefreshPlugins (0ms)
			BeforeProcessingInitializeOnLoad (68ms)
			ProcessInitializeOnLoadAttributes (250ms)
			ProcessInitializeOnLoadMethodAttributes (16ms)
			AfterProcessingInitializeOnLoad (4ms)
			EditorAssembliesLoaded (0ms)
		ExecutionOrderSort2 (0ms)
		AwakeInstancesAfterBackupRestoration (5ms)
Refreshing native plugins compatible for Editor in 4.30 ms, found 3 plugins.
Preloading 0 native plugins for Editor in 0.00 ms.
Unloading 3448 Unused Serialized files (Serialized files now loaded: 0)
Unloading 25 unused Assets / (88.3 KB). Loaded Objects now: 4015.
Memory consumption went from 171.8 MB to 171.7 MB.
Total: 4.054800 ms (FindLiveObjects: 0.360400 ms CreateObjectMapping: 0.199300 ms MarkObjects: 3.308000 ms  DeleteObjects: 0.185700 ms)

Prepare: number of updated asset objects reloaded= 0
AssetImportParameters requested are different than current active one (requested -> active):
  custom:container-demuxer-ogg: 62fdf1f143b41e24485cea50d1cbac27 -> 
  custom:video-decoder-ogg-theora: a1e56fd34408186e4bbccfd4996cb3dc -> 
  custom:framework-win-MediaFoundation: 216162199b28c13a410421893ffa2e32 -> 
  custom:CustomObjectIndexerAttribute: 9a22284fe3817be447336de3de66b15e -> 
  custom:container-demuxer-webm: 4f35f7cbe854078d1ac9338744f61a02 -> 
  custom:container-muxer-webm: aa71ff27fc2769a1b78a27578f13a17b -> 
  custom:video-decoder-webm-vp8: 9c59270c3fd7afecdb556c50c9e8de78 -> 
  custom:SearchIndexIgnoredProperties: e643bd26f0fe6173181afceb89e7c659 -> 
  custom:AudioImporter_EditorPlatform: d09bf68614088b80899f8185d706f6e7 -> 
  custom:video-encoder-webm-vp8: eb34c28f22e8b96e1ab97ce403110664 -> 
  custom:audio-decoder-ogg-vorbis: bf7c407c2cedff20999df2af8eb42d56 -> 
  custom:audio-encoder-webm-vorbis: bf7c407c2cedff20999df2af8eb42d56 -> 
========================================================================
Received Prepare
Begin MonoManager ReloadAssembly
Symbol file data-00000159AD1414A0 doesn't match image C:\GIT_FILES\Groove_2024\Groove_2024\Library\ScriptAssemblies\Unity.EditorCoroutines.Editor.dll
Symbol file LoadedFromMemory is not a mono symbol file
Symbol file data-0000015BE4D6B1E0 doesn't match image C:\GIT_FILES\Groove_2024\Groove_2024\Library\ScriptAssemblies\Unity.PlasticSCM.Editor.dll
Symbol file LoadedFromMemory is not a mono symbol file
Symbol file data-00000159A2441320 doesn't match image C:\GIT_FILES\Groove_2024\Groove_2024\Library\ScriptAssemblies\Unity.ProBuilder.Stl.dll
Symbol file LoadedFromMemory is not a mono symbol file
Symbol file data-0000015BE5A07D50 doesn't match image C:\GIT_FILES\Groove_2024\Groove_2024\Library\ScriptAssemblies\Unity.ProBuilder.dll
Symbol file LoadedFromMemory is not a mono symbol file
Symbol file data-00000159A25ED030 doesn't match image C:\GIT_FILES\Groove_2024\Groove_2024\Library\ScriptAssemblies\Unity.Timeline.Editor.dll
Symbol file LoadedFromMemory is not a mono symbol file
Symbol file data-00000159AC024020 doesn't match image C:\GIT_FILES\Groove_2024\Groove_2024\Library\ScriptAssemblies\Unity.VisualScripting.Shared.Editor.dll
Symbol file LoadedFromMemory is not a mono symbol file
Symbol file data-00000159A13E3220 doesn't match image C:\GIT_FILES\Groove_2024\Groove_2024\Library\ScriptAssemblies\Unity.CollabProxy.Editor.dll
Symbol file LoadedFromMemory is not a mono symbol file
Symbol file data-00000159A0C67040 doesn't match image C:\GIT_FILES\Groove_2024\Groove_2024\Library\ScriptAssemblies\Unity.VisualStudio.Editor.dll
Symbol file LoadedFromMemory is not a mono symbol file
Symbol file data-0000015B80477020 doesn't match image C:\GIT_FILES\Groove_2024\Groove_2024\Library\ScriptAssemblies\UnityEditor.UI.dll
Symbol file LoadedFromMemory is not a mono symbol file
Symbol file data-00000159ABBAE010 doesn't match image C:\GIT_FILES\Groove_2024\Groove_2024\Library\ScriptAssemblies\Unity.VisualScripting.Core.dll
Symbol file LoadedFromMemory is not a mono symbol file
Symbol file data-0000015B5EABAFB0 doesn't match image C:\GIT_FILES\Groove_2024\Groove_2024\Library\ScriptAssemblies\UnityEngine.UI.dll
Symbol file LoadedFromMemory is not a mono symbol file
Symbol file data-00000159A25ED030 doesn't match image C:\GIT_FILES\Groove_2024\Groove_2024\Library\ScriptAssemblies\Unity.VisualScripting.Core.Editor.dll
Symbol file LoadedFromMemory is not a mono symbol file
Symbol file data-0000015BE3D43020 doesn't match image C:\GIT_FILES\Groove_2024\Groove_2024\Library\ScriptAssemblies\Unity.ProBuilder.AddOns.Editor.dll
Symbol file LoadedFromMemory is not a mono symbol file
Symbol file data-0000015BE19B90D0 doesn't match image C:\GIT_FILES\Groove_2024\Groove_2024\Library\ScriptAssemblies\Unity.Rider.Editor.dll
Symbol file LoadedFromMemory is not a mono symbol file
Symbol file data-0000015B806DE0D0 doesn't match image C:\GIT_FILES\Groove_2024\Groove_2024\Library\ScriptAssemblies\Unity.ProBuilder.Csg.dll
Symbol file LoadedFromMemory is not a mono symbol file
Symbol file data-0000015BE16FC010 doesn't match image C:\GIT_FILES\Groove_2024\Groove_2024\Library\ScriptAssemblies\UnityEditor.TestRunner.dll
Symbol file LoadedFromMemory is not a mono symbol file
Symbol file data-0000015BE1684040 doesn't match image C:\GIT_FILES\Groove_2024\Groove_2024\Library\ScriptAssemblies\Unity.VisualScripting.Flow.dll
Symbol file LoadedFromMemory is not a mono symbol file
Symbol file data-00000159AC09F010 doesn't match image C:\GIT_FILES\Groove_2024\Groove_2024\Library\ScriptAssemblies\Unity.VisualScripting.Flow.Editor.dll
Symbol file LoadedFromMemory is not a mono symbol file
Symbol file data-00000159A12A0010 doesn't match image C:\GIT_FILES\Groove_2024\Groove_2024\Library\ScriptAssemblies\Unity.Timeline.dll
Symbol file LoadedFromMemory is not a mono symbol file
Symbol file data-00000159AC024020 doesn't match image C:\GIT_FILES\Groove_2024\Groove_2024\Library\ScriptAssemblies\Unity.TestTools.CodeCoverage.Editor.OpenCover.Mono.Reflection.dll
Symbol file LoadedFromMemory is not a mono symbol file
Symbol file data-00000159A105E010 doesn't match image C:\GIT_FILES\Groove_2024\Groove_2024\Library\ScriptAssemblies\Unity.ProBuilder.Editor.dll
Symbol file LoadedFromMemory is not a mono symbol file
Symbol file data-00000159AC024020 doesn't match image C:\GIT_FILES\Groove_2024\Groove_2024\Library\ScriptAssemblies\Unity.VisualScripting.SettingsProvider.Editor.dll
Symbol file LoadedFromMemory is not a mono symbol file
Symbol file data-0000015BE2048F00 doesn't match image C:\GIT_FILES\Groove_2024\Groove_2024\Library\ScriptAssemblies\Unity.Performance.Profile-Analyzer.Editor.dll
Symbol file LoadedFromMemory is not a mono symbol file
Symbol file data-00000159AB672030 doesn't match image C:\GIT_FILES\Groove_2024\Groove_2024\Library\ScriptAssemblies\Unity.TestTools.CodeCoverage.Editor.dll
Symbol file LoadedFromMemory is not a mono symbol file
Symbol file data-0000015BE3F4D020 doesn't match image C:\GIT_FILES\Groove_2024\Groove_2024\Library\ScriptAssemblies\Unity.TestTools.CodeCoverage.Editor.OpenCover.Model.dll
Symbol file LoadedFromMemory is not a mono symbol file
Symbol file data-00000159ACF5AB40 doesn't match image C:\GIT_FILES\Groove_2024\Groove_2024\Library\ScriptAssemblies\Unity.ProBuilder.Poly2Tri.dll
Symbol file LoadedFromMemory is not a mono symbol file
Symbol file data-0000015B80D1A010 doesn't match image C:\GIT_FILES\Groove_2024\Groove_2024\Library\ScriptAssemblies\UnityEngine.TestRunner.dll
Symbol file LoadedFromMemory is not a mono symbol file
Symbol file data-00000159AB6DB040 doesn't match image C:\GIT_FILES\Groove_2024\Groove_2024\Library\ScriptAssemblies\Unity.VisualScripting.State.Editor.dll
Symbol file LoadedFromMemory is not a mono symbol file
Symbol file data-0000015BE32EB030 doesn't match image C:\GIT_FILES\Groove_2024\Groove_2024\Library\ScriptAssemblies\Unity.Settings.Editor.dll
Symbol file LoadedFromMemory is not a mono symbol file
Symbol file data-0000015BE3F4D020 doesn't match image C:\GIT_FILES\Groove_2024\Groove_2024\Library\ScriptAssemblies\Unity.ProBuilder.KdTree.dll
Symbol file LoadedFromMemory is not a mono symbol file
Symbol file data-0000015BE5A07D50 doesn't match image C:\GIT_FILES\Groove_2024\Groove_2024\Library\ScriptAssemblies\Unity.TextMeshPro.dll
Symbol file LoadedFromMemory is not a mono symbol file
Symbol file data-0000015BE1F43010 doesn't match image C:\GIT_FILES\Groove_2024\Groove_2024\Library\ScriptAssemblies\Unity.TextMeshPro.Editor.dll
Symbol file LoadedFromMemory is not a mono symbol file
Symbol file data-0000015B80715660 doesn't match image C:\GIT_FILES\Groove_2024\Groove_2024\Library\ScriptAssemblies\Unity.ProBuilder.AssetIdRemapUtility.dll
Symbol file LoadedFromMemory is not a mono symbol file
Symbol file data-00000159A20A2010 doesn't match image C:\GIT_FILES\Groove_2024\Groove_2024\Library\ScriptAssemblies\Unity.VisualScripting.State.dll
Symbol file LoadedFromMemory is not a mono symbol file
Symbol file data-0000015B5F091010 doesn't match image C:\GIT_FILES\Groove_2024\Groove_2024\Library\ScriptAssemblies\Unity.VSCode.Editor.dll
Symbol file LoadedFromMemory is not a mono symbol file
- Loaded All Assemblies, in  0.348 seconds
Refreshing native plugins compatible for Editor in 1.95 ms, found 3 plugins.
Native extension for WindowsStandalone target not found
[Package Manager] Server::EnsureServerProcessIsRunning -- launch failed, reason: Unity was launched with the -noUpm command-line argument
[Package Manager] UpmClient::Send -- Unable to send message (not connected to UPM process).
[Package Manager] Cannot connect to Unity Package Manager local server
Mono: successfully reloaded assembly
- Finished resetting the current domain, in  0.800 seconds
Domain Reload Profiling: 1147ms
	BeginReloadAssembly (111ms)
		ExecutionOrderSort (0ms)
		DisableScriptedObjects (4ms)
		BackupInstance (0ms)
		ReleaseScriptingObjects (0ms)
		CreateAndSetChildDomain (22ms)
	RebuildCommonClasses (24ms)
	RebuildNativeTypeToScriptingClass (8ms)
	initialDomainReloadingComplete (21ms)
	LoadAllAssembliesAndSetupDomain (182ms)
		LoadAssemblies (228ms)
		RebuildTransferFunctionScriptingTraits (0ms)
		AnalyzeDomain (12ms)
			TypeCache.Refresh (6ms)
				TypeCache.ScanAssembly (0ms)
			ScanForSourceGeneratedMonoScriptInfo (0ms)
			ResolveRequiredComponents (4ms)
	FinalizeReload (800ms)
		ReleaseScriptCaches (0ms)
		RebuildScriptCaches (0ms)
		SetupLoadedEditorAssemblies (416ms)
			LogAssemblyErrors (0ms)
			InitializePlatformSupportModulesInManaged (5ms)
			SetLoadedEditorAssemblies (4ms)
			RefreshPlugins (0ms)
			BeforeProcessingInitializeOnLoad (81ms)
			ProcessInitializeOnLoadAttributes (301ms)
			ProcessInitializeOnLoadMethodAttributes (21ms)
			AfterProcessingInitializeOnLoad (5ms)
			EditorAssembliesLoaded (0ms)
		ExecutionOrderSort2 (0ms)
		AwakeInstancesAfterBackupRestoration (5ms)
Refreshing native plugins compatible for Editor in 4.87 ms, found 3 plugins.
Preloading 0 native plugins for Editor in 0.00 ms.
Unloading 3448 Unused Serialized files (Serialized files now loaded: 0)
Unloading 25 unused Assets / (88.3 KB). Loaded Objects now: 4018.
Memory consumption went from 173.7 MB to 173.6 MB.
Total: 4.452400 ms (FindLiveObjects: 0.311500 ms CreateObjectMapping: 0.190800 ms MarkObjects: 3.433000 ms  DeleteObjects: 0.515200 ms)

Prepare: number of updated asset objects reloaded= 0
AssetImportParameters requested are different than current active one (requested -> active):
  custom:container-demuxer-ogg: 62fdf1f143b41e24485cea50d1cbac27 -> 
  custom:video-decoder-ogg-theora: a1e56fd34408186e4bbccfd4996cb3dc -> 
  custom:framework-win-MediaFoundation: 216162199b28c13a410421893ffa2e32 -> 
  custom:CustomObjectIndexerAttribute: 9a22284fe3817be447336de3de66b15e -> 
  custom:container-demuxer-webm: 4f35f7cbe854078d1ac9338744f61a02 -> 
  custom:container-muxer-webm: aa71ff27fc2769a1b78a27578f13a17b -> 
  custom:video-decoder-webm-vp8: 9c59270c3fd7afecdb556c50c9e8de78 -> 
  custom:SearchIndexIgnoredProperties: e643bd26f0fe6173181afceb89e7c659 -> 
  custom:AudioImporter_EditorPlatform: d09bf68614088b80899f8185d706f6e7 -> 
  custom:video-encoder-webm-vp8: eb34c28f22e8b96e1ab97ce403110664 -> 
  custom:audio-decoder-ogg-vorbis: bf7c407c2cedff20999df2af8eb42d56 -> 
  custom:audio-encoder-webm-vorbis: bf7c407c2cedff20999df2af8eb42d56 -> 
========================================================================
Received Prepare
Begin MonoManager ReloadAssembly
Symbol file data-0000015BE1E72450 doesn't match image C:\GIT_FILES\Groove_2024\Groove_2024\Library\ScriptAssemblies\Unity.EditorCoroutines.Editor.dll
Symbol file LoadedFromMemory is not a mono symbol file
Symbol file data-00000159AB46A020 doesn't match image C:\GIT_FILES\Groove_2024\Groove_2024\Library\ScriptAssemblies\Unity.PlasticSCM.Editor.dll
Symbol file LoadedFromMemory is not a mono symbol file
Symbol file data-0000015BE2BDF070 doesn't match image C:\GIT_FILES\Groove_2024\Groove_2024\Library\ScriptAssemblies\Unity.ProBuilder.Stl.dll
Symbol file LoadedFromMemory is not a mono symbol file
Symbol file data-0000015BE5A39020 doesn't match image C:\GIT_FILES\Groove_2024\Groove_2024\Library\ScriptAssemblies\Unity.ProBuilder.dll
Symbol file LoadedFromMemory is not a mono symbol file
Symbol file data-00000159A25ED030 doesn't match image C:\GIT_FILES\Groove_2024\Groove_2024\Library\ScriptAssemblies\Unity.Timeline.Editor.dll
Symbol file LoadedFromMemory is not a mono symbol file
Symbol file data-00000159A0DB9020 doesn't match image C:\GIT_FILES\Groove_2024\Groove_2024\Library\ScriptAssemblies\Unity.VisualScripting.Shared.Editor.dll
Symbol file LoadedFromMemory is not a mono symbol file
Symbol file data-0000015BE1E72450 doesn't match image C:\GIT_FILES\Groove_2024\Groove_2024\Library\ScriptAssemblies\Unity.CollabProxy.Editor.dll
Symbol file LoadedFromMemory is not a mono symbol file
Symbol file data-00000159A0C67040 doesn't match image C:\GIT_FILES\Groove_2024\Groove_2024\Library\ScriptAssemblies\Unity.VisualStudio.Editor.dll
Symbol file LoadedFromMemory is not a mono symbol file
Symbol file data-0000015B80477020 doesn't match image C:\GIT_FILES\Groove_2024\Groove_2024\Library\ScriptAssemblies\UnityEditor.UI.dll
Symbol file LoadedFromMemory is not a mono symbol file
Symbol file data-00000159ABBAE010 doesn't match image C:\GIT_FILES\Groove_2024\Groove_2024\Library\ScriptAssemblies\Unity.VisualScripting.Core.dll
Symbol file LoadedFromMemory is not a mono symbol file
Symbol file data-0000015B5EABAFB0 doesn't match image C:\GIT_FILES\Groove_2024\Groove_2024\Library\ScriptAssemblies\UnityEngine.UI.dll
Symbol file LoadedFromMemory is not a mono symbol file
Symbol file data-00000159A25ED030 doesn't match image C:\GIT_FILES\Groove_2024\Groove_2024\Library\ScriptAssemblies\Unity.VisualScripting.Core.Editor.dll
Symbol file LoadedFromMemory is not a mono symbol file
Symbol file data-0000015BE3D43020 doesn't match image C:\GIT_FILES\Groove_2024\Groove_2024\Library\ScriptAssemblies\Unity.ProBuilder.AddOns.Editor.dll
Symbol file LoadedFromMemory is not a mono symbol file
Symbol file data-0000015BE19B90D0 doesn't match image C:\GIT_FILES\Groove_2024\Groove_2024\Library\ScriptAssemblies\Unity.Rider.Editor.dll
Symbol file LoadedFromMemory is not a mono symbol file
Symbol file data-0000015B80715660 doesn't match image C:\GIT_FILES\Groove_2024\Groove_2024\Library\ScriptAssemblies\Unity.ProBuilder.Csg.dll
Symbol file LoadedFromMemory is not a mono symbol file
Symbol file data-00000159A1C55030 doesn't match image C:\GIT_FILES\Groove_2024\Groove_2024\Library\ScriptAssemblies\UnityEditor.TestRunner.dll
Symbol file LoadedFromMemory is not a mono symbol file
Symbol file data-0000015B5EAE8FC0 doesn't match image C:\GIT_FILES\Groove_2024\Groove_2024\Library\ScriptAssemblies\Unity.VisualScripting.Flow.dll
Symbol file LoadedFromMemory is not a mono symbol file
Symbol file data-00000159AC09F010 doesn't match image C:\GIT_FILES\Groove_2024\Groove_2024\Library\ScriptAssemblies\Unity.VisualScripting.Flow.Editor.dll
Symbol file LoadedFromMemory is not a mono symbol file
Symbol file data-0000015BE4CBE010 doesn't match image C:\GIT_FILES\Groove_2024\Groove_2024\Library\ScriptAssemblies\Unity.Timeline.dll
Symbol file LoadedFromMemory is not a mono symbol file
Symbol file data-00000159A0DB9020 doesn't match image C:\GIT_FILES\Groove_2024\Groove_2024\Library\ScriptAssemblies\Unity.TestTools.CodeCoverage.Editor.OpenCover.Mono.Reflection.dll
Symbol file LoadedFromMemory is not a mono symbol file
Symbol file data-00000159A0863010 doesn't match image C:\GIT_FILES\Groove_2024\Groove_2024\Library\ScriptAssemblies\Unity.ProBuilder.Editor.dll
Symbol file LoadedFromMemory is not a mono symbol file
Symbol file data-00000159A0DB9020 doesn't match image C:\GIT_FILES\Groove_2024\Groove_2024\Library\ScriptAssemblies\Unity.VisualScripting.SettingsProvider.Editor.dll
Symbol file LoadedFromMemory is not a mono symbol file
Symbol file data-0000015BE217DC90 doesn't match image C:\GIT_FILES\Groove_2024\Groove_2024\Library\ScriptAssemblies\Unity.Performance.Profile-Analyzer.Editor.dll
Symbol file LoadedFromMemory is not a mono symbol file
Symbol file data-0000015B5E386040 doesn't match image C:\GIT_FILES\Groove_2024\Groove_2024\Library\ScriptAssemblies\Unity.TestTools.CodeCoverage.Editor.dll
Symbol file LoadedFromMemory is not a mono symbol file
Symbol file data-0000015BE533B010 doesn't match image C:\GIT_FILES\Groove_2024\Groove_2024\Library\ScriptAssemblies\Unity.TestTools.CodeCoverage.Editor.OpenCover.Model.dll
Symbol file LoadedFromMemory is not a mono symbol file
Symbol file data-00000159AD13C4B0 doesn't match image C:\GIT_FILES\Groove_2024\Groove_2024\Library\ScriptAssemblies\Unity.ProBuilder.Poly2Tri.dll
Symbol file LoadedFromMemory is not a mono symbol file
Symbol file data-00000159A06B8020 doesn't match image C:\GIT_FILES\Groove_2024\Groove_2024\Library\ScriptAssemblies\UnityEngine.TestRunner.dll
Symbol file LoadedFromMemory is not a mono symbol file
Symbol file data-0000015B80E3C040 doesn't match image C:\GIT_FILES\Groove_2024\Groove_2024\Library\ScriptAssemblies\Unity.VisualScripting.State.Editor.dll
Symbol file LoadedFromMemory is not a mono symbol file
Symbol file data-0000015BE1C9A080 doesn't match image C:\GIT_FILES\Groove_2024\Groove_2024\Library\ScriptAssemblies\Unity.Settings.Editor.dll
Symbol file LoadedFromMemory is not a mono symbol file
Symbol file data-0000015BE533B010 doesn't match image C:\GIT_FILES\Groove_2024\Groove_2024\Library\ScriptAssemblies\Unity.ProBuilder.KdTree.dll
Symbol file LoadedFromMemory is not a mono symbol file
Symbol file data-0000015BE1684040 doesn't match image C:\GIT_FILES\Groove_2024\Groove_2024\Library\ScriptAssemblies\Unity.TextMeshPro.dll
Symbol file LoadedFromMemory is not a mono symbol file
Symbol file data-00000159A1C55030 doesn't match image C:\GIT_FILES\Groove_2024\Groove_2024\Library\ScriptAssemblies\Unity.TextMeshPro.Editor.dll
Symbol file LoadedFromMemory is not a mono symbol file
Symbol file data-0000015BE533B010 doesn't match image C:\GIT_FILES\Groove_2024\Groove_2024\Library\ScriptAssemblies\Unity.ProBuilder.AssetIdRemapUtility.dll
Symbol file LoadedFromMemory is not a mono symbol file
Symbol file data-0000015B5EE9A010 doesn't match image C:\GIT_FILES\Groove_2024\Groove_2024\Library\ScriptAssemblies\Unity.VisualScripting.State.dll
Symbol file LoadedFromMemory is not a mono symbol file
Symbol file data-0000015B5EE9A010 doesn't match image C:\GIT_FILES\Groove_2024\Groove_2024\Library\ScriptAssemblies\Unity.VSCode.Editor.dll
Symbol file LoadedFromMemory is not a mono symbol file
- Loaded All Assemblies, in  0.513 seconds
Refreshing native plugins compatible for Editor in 2.55 ms, found 3 plugins.
Native extension for WindowsStandalone target not found
[Package Manager] Server::EnsureServerProcessIsRunning -- launch failed, reason: Unity was launched with the -noUpm command-line argument
[Package Manager] UpmClient::Send -- Unable to send message (not connected to UPM process).
[Package Manager] Cannot connect to Unity Package Manager local server
Mono: successfully reloaded assembly
- Finished resetting the current domain, in  0.778 seconds
Domain Reload Profiling: 1289ms
	BeginReloadAssembly (147ms)
		ExecutionOrderSort (0ms)
		DisableScriptedObjects (5ms)
		BackupInstance (0ms)
		ReleaseScriptingObjects (0ms)
		CreateAndSetChildDomain (32ms)
	RebuildCommonClasses (31ms)
	RebuildNativeTypeToScriptingClass (15ms)
	initialDomainReloadingComplete (38ms)
	LoadAllAssembliesAndSetupDomain (281ms)
		LoadAssemblies (329ms)
		RebuildTransferFunctionScriptingTraits (0ms)
		AnalyzeDomain (26ms)
			TypeCache.Refresh (8ms)
				TypeCache.ScanAssembly (0ms)
			ScanForSourceGeneratedMonoScriptInfo (8ms)
			ResolveRequiredComponents (7ms)
	FinalizeReload (778ms)
		ReleaseScriptCaches (0ms)
		RebuildScriptCaches (0ms)
		SetupLoadedEditorAssemblies (387ms)
			LogAssemblyErrors (0ms)
			InitializePlatformSupportModulesInManaged (5ms)
			SetLoadedEditorAssemblies (4ms)
			RefreshPlugins (0ms)
			BeforeProcessingInitializeOnLoad (74ms)
			ProcessInitializeOnLoadAttributes (283ms)
			ProcessInitializeOnLoadMethodAttributes (17ms)
			AfterProcessingInitializeOnLoad (4ms)
			EditorAssembliesLoaded (0ms)
		ExecutionOrderSort2 (0ms)
		AwakeInstancesAfterBackupRestoration (5ms)
Refreshing native plugins compatible for Editor in 3.57 ms, found 3 plugins.
Preloading 0 native plugins for Editor in 0.00 ms.
Unloading 3448 Unused Serialized files (Serialized files now loaded: 0)
Unloading 25 unused Assets / (88.3 KB). Loaded Objects now: 4021.
Memory consumption went from 175.7 MB to 175.6 MB.
Total: 4.010900 ms (FindLiveObjects: 0.283300 ms CreateObjectMapping: 0.204100 ms MarkObjects: 3.324700 ms  DeleteObjects: 0.197100 ms)

Prepare: number of updated asset objects reloaded= 0
AssetImportParameters requested are different than current active one (requested -> active):
  custom:container-demuxer-ogg: 62fdf1f143b41e24485cea50d1cbac27 -> 
  custom:video-decoder-ogg-theora: a1e56fd34408186e4bbccfd4996cb3dc -> 
  custom:framework-win-MediaFoundation: 216162199b28c13a410421893ffa2e32 -> 
  custom:CustomObjectIndexerAttribute: 9a22284fe3817be447336de3de66b15e -> 
  custom:container-demuxer-webm: 4f35f7cbe854078d1ac9338744f61a02 -> 
  custom:container-muxer-webm: aa71ff27fc2769a1b78a27578f13a17b -> 
  custom:video-decoder-webm-vp8: 9c59270c3fd7afecdb556c50c9e8de78 -> 
  custom:SearchIndexIgnoredProperties: e643bd26f0fe6173181afceb89e7c659 -> 
  custom:AudioImporter_EditorPlatform: d09bf68614088b80899f8185d706f6e7 -> 
  custom:video-encoder-webm-vp8: eb34c28f22e8b96e1ab97ce403110664 -> 
  custom:audio-decoder-ogg-vorbis: bf7c407c2cedff20999df2af8eb42d56 -> 
  custom:audio-encoder-webm-vorbis: bf7c407c2cedff20999df2af8eb42d56 -> 
========================================================================
Received Prepare
Begin MonoManager ReloadAssembly
Symbol file data-0000015B5E3B0060 doesn't match image C:\GIT_FILES\Groove_2024\Groove_2024\Library\ScriptAssemblies\Unity.EditorCoroutines.Editor.dll
Symbol file LoadedFromMemory is not a mono symbol file
Symbol file data-00000159AB46A020 doesn't match image C:\GIT_FILES\Groove_2024\Groove_2024\Library\ScriptAssemblies\Unity.PlasticSCM.Editor.dll
Symbol file LoadedFromMemory is not a mono symbol file
Symbol file data-0000015BE2BDF070 doesn't match image C:\GIT_FILES\Groove_2024\Groove_2024\Library\ScriptAssemblies\Unity.ProBuilder.Stl.dll
Symbol file LoadedFromMemory is not a mono symbol file
Symbol file data-0000015BE46D5020 doesn't match image C:\GIT_FILES\Groove_2024\Groove_2024\Library\ScriptAssemblies\Unity.ProBuilder.dll
Symbol file LoadedFromMemory is not a mono symbol file
Symbol file data-0000015BE4548030 doesn't match image C:\GIT_FILES\Groove_2024\Groove_2024\Library\ScriptAssemblies\Unity.Timeline.Editor.dll
Symbol file LoadedFromMemory is not a mono symbol file
Symbol file data-00000159A0DB9020 doesn't match image C:\GIT_FILES\Groove_2024\Groove_2024\Library\ScriptAssemblies\Unity.VisualScripting.Shared.Editor.dll
Symbol file LoadedFromMemory is not a mono symbol file
Symbol file data-0000015B5E3B0060 doesn't match image C:\GIT_FILES\Groove_2024\Groove_2024\Library\ScriptAssemblies\Unity.CollabProxy.Editor.dll
Symbol file LoadedFromMemory is not a mono symbol file
Symbol file data-00000159A0C67040 doesn't match image C:\GIT_FILES\Groove_2024\Groove_2024\Library\ScriptAssemblies\Unity.VisualStudio.Editor.dll
Symbol file LoadedFromMemory is not a mono symbol file
Symbol file data-0000015B80477020 doesn't match image C:\GIT_FILES\Groove_2024\Groove_2024\Library\ScriptAssemblies\UnityEditor.UI.dll
Symbol file LoadedFromMemory is not a mono symbol file
Symbol file data-00000159ABBAE010 doesn't match image C:\GIT_FILES\Groove_2024\Groove_2024\Library\ScriptAssemblies\Unity.VisualScripting.Core.dll
Symbol file LoadedFromMemory is not a mono symbol file
Symbol file data-0000015B5EABAFB0 doesn't match image C:\GIT_FILES\Groove_2024\Groove_2024\Library\ScriptAssemblies\UnityEngine.UI.dll
Symbol file LoadedFromMemory is not a mono symbol file
Symbol file data-00000159A25ED030 doesn't match image C:\GIT_FILES\Groove_2024\Groove_2024\Library\ScriptAssemblies\Unity.VisualScripting.Core.Editor.dll
Symbol file LoadedFromMemory is not a mono symbol file
Symbol file data-0000015BE3D43020 doesn't match image C:\GIT_FILES\Groove_2024\Groove_2024\Library\ScriptAssemblies\Unity.ProBuilder.AddOns.Editor.dll
Symbol file LoadedFromMemory is not a mono symbol file
Symbol file data-0000015BE19B90D0 doesn't match image C:\GIT_FILES\Groove_2024\Groove_2024\Library\ScriptAssemblies\Unity.Rider.Editor.dll
Symbol file LoadedFromMemory is not a mono symbol file
Symbol file data-0000015B80715660 doesn't match image C:\GIT_FILES\Groove_2024\Groove_2024\Library\ScriptAssemblies\Unity.ProBuilder.Csg.dll
Symbol file LoadedFromMemory is not a mono symbol file
Symbol file data-00000159A0EF7030 doesn't match image C:\GIT_FILES\Groove_2024\Groove_2024\Library\ScriptAssemblies\UnityEditor.TestRunner.dll
Symbol file LoadedFromMemory is not a mono symbol file
Symbol file data-0000015B5EAE8FC0 doesn't match image C:\GIT_FILES\Groove_2024\Groove_2024\Library\ScriptAssemblies\Unity.VisualScripting.Flow.dll
Symbol file LoadedFromMemory is not a mono symbol file
Symbol file data-00000159AC09F010 doesn't match image C:\GIT_FILES\Groove_2024\Groove_2024\Library\ScriptAssemblies\Unity.VisualScripting.Flow.Editor.dll
Symbol file LoadedFromMemory is not a mono symbol file
Symbol file data-0000015BE4CBE010 doesn't match image C:\GIT_FILES\Groove_2024\Groove_2024\Library\ScriptAssemblies\Unity.Timeline.dll
Symbol file LoadedFromMemory is not a mono symbol file
Symbol file data-00000159A0DB9020 doesn't match image C:\GIT_FILES\Groove_2024\Groove_2024\Library\ScriptAssemblies\Unity.TestTools.CodeCoverage.Editor.OpenCover.Mono.Reflection.dll
Symbol file LoadedFromMemory is not a mono symbol file
Symbol file data-00000159A0863010 doesn't match image C:\GIT_FILES\Groove_2024\Groove_2024\Library\ScriptAssemblies\Unity.ProBuilder.Editor.dll
Symbol file LoadedFromMemory is not a mono symbol file
Symbol file data-00000159A0DB9020 doesn't match image C:\GIT_FILES\Groove_2024\Groove_2024\Library\ScriptAssemblies\Unity.VisualScripting.SettingsProvider.Editor.dll
Symbol file LoadedFromMemory is not a mono symbol file
Symbol file data-0000015BE217DC90 doesn't match image C:\GIT_FILES\Groove_2024\Groove_2024\Library\ScriptAssemblies\Unity.Performance.Profile-Analyzer.Editor.dll
Symbol file LoadedFromMemory is not a mono symbol file
Symbol file data-0000015B5E386040 doesn't match image C:\GIT_FILES\Groove_2024\Groove_2024\Library\ScriptAssemblies\Unity.TestTools.CodeCoverage.Editor.dll
Symbol file LoadedFromMemory is not a mono symbol file
Symbol file data-0000015BE533B010 doesn't match image C:\GIT_FILES\Groove_2024\Groove_2024\Library\ScriptAssemblies\Unity.TestTools.CodeCoverage.Editor.OpenCover.Model.dll
Symbol file LoadedFromMemory is not a mono symbol file
Symbol file data-00000159AD13C4B0 doesn't match image C:\GIT_FILES\Groove_2024\Groove_2024\Library\ScriptAssemblies\Unity.ProBuilder.Poly2Tri.dll
Symbol file LoadedFromMemory is not a mono symbol file
Symbol file data-0000015BE274C020 doesn't match image C:\GIT_FILES\Groove_2024\Groove_2024\Library\ScriptAssemblies\UnityEngine.TestRunner.dll
Symbol file LoadedFromMemory is not a mono symbol file
Symbol file data-00000159AB6DB040 doesn't match image C:\GIT_FILES\Groove_2024\Groove_2024\Library\ScriptAssemblies\Unity.VisualScripting.State.Editor.dll
Symbol file LoadedFromMemory is not a mono symbol file
Symbol file data-0000015BE1C9A080 doesn't match image C:\GIT_FILES\Groove_2024\Groove_2024\Library\ScriptAssemblies\Unity.Settings.Editor.dll
Symbol file LoadedFromMemory is not a mono symbol file
Symbol file data-0000015BE533B010 doesn't match image C:\GIT_FILES\Groove_2024\Groove_2024\Library\ScriptAssemblies\Unity.ProBuilder.KdTree.dll
Symbol file LoadedFromMemory is not a mono symbol file
Symbol file data-0000015BE2AB7020 doesn't match image C:\GIT_FILES\Groove_2024\Groove_2024\Library\ScriptAssemblies\Unity.TextMeshPro.dll
Symbol file LoadedFromMemory is not a mono symbol file
Symbol file data-00000159A0EF7030 doesn't match image C:\GIT_FILES\Groove_2024\Groove_2024\Library\ScriptAssemblies\Unity.TextMeshPro.Editor.dll
Symbol file LoadedFromMemory is not a mono symbol file
Symbol file data-0000015BE533B010 doesn't match image C:\GIT_FILES\Groove_2024\Groove_2024\Library\ScriptAssemblies\Unity.ProBuilder.AssetIdRemapUtility.dll
Symbol file LoadedFromMemory is not a mono symbol file
Symbol file data-00000159AB3A2030 doesn't match image C:\GIT_FILES\Groove_2024\Groove_2024\Library\ScriptAssemblies\Unity.VisualScripting.State.dll
Symbol file LoadedFromMemory is not a mono symbol file
Symbol file data-00000159AB3A2030 doesn't match image C:\GIT_FILES\Groove_2024\Groove_2024\Library\ScriptAssemblies\Unity.VSCode.Editor.dll
Symbol file LoadedFromMemory is not a mono symbol file
- Loaded All Assemblies, in  0.349 seconds
Refreshing native plugins compatible for Editor in 1.85 ms, found 3 plugins.
Native extension for WindowsStandalone target not found
[Package Manager] Server::EnsureServerProcessIsRunning -- launch failed, reason: Unity was launched with the -noUpm command-line argument
[Package Manager] UpmClient::Send -- Unable to send message (not connected to UPM process).
[Package Manager] Cannot connect to Unity Package Manager local server
Mono: successfully reloaded assembly
- Finished resetting the current domain, in  0.797 seconds
Domain Reload Profiling: 1145ms
	BeginReloadAssembly (110ms)
		ExecutionOrderSort (0ms)
		DisableScriptedObjects (4ms)
		BackupInstance (0ms)
		ReleaseScriptingObjects (0ms)
		CreateAndSetChildDomain (21ms)
	RebuildCommonClasses (23ms)
	RebuildNativeTypeToScriptingClass (8ms)
	initialDomainReloadingComplete (28ms)
	LoadAllAssembliesAndSetupDomain (179ms)
		LoadAssemblies (226ms)
		RebuildTransferFunctionScriptingTraits (0ms)
		AnalyzeDomain (12ms)
			TypeCache.Refresh (5ms)
				TypeCache.ScanAssembly (0ms)
			ScanForSourceGeneratedMonoScriptInfo (0ms)
			ResolveRequiredComponents (5ms)
	FinalizeReload (798ms)
		ReleaseScriptCaches (0ms)
		RebuildScriptCaches (0ms)
		SetupLoadedEditorAssemblies (417ms)
			LogAssemblyErrors (0ms)
			InitializePlatformSupportModulesInManaged (5ms)
			SetLoadedEditorAssemblies (3ms)
			RefreshPlugins (0ms)
			BeforeProcessingInitializeOnLoad (81ms)
			ProcessInitializeOnLoadAttributes (304ms)
			ProcessInitializeOnLoadMethodAttributes (19ms)
			AfterProcessingInitializeOnLoad (4ms)
			EditorAssembliesLoaded (0ms)
		ExecutionOrderSort2 (0ms)
		AwakeInstancesAfterBackupRestoration (5ms)
Refreshing native plugins compatible for Editor in 4.51 ms, found 3 plugins.
Preloading 0 native plugins for Editor in 0.00 ms.
Unloading 3448 Unused Serialized files (Serialized files now loaded: 0)
Unloading 25 unused Assets / (96.5 KB). Loaded Objects now: 4024.
Memory consumption went from 177.6 MB to 177.5 MB.
Total: 4.363600 ms (FindLiveObjects: 0.294800 ms CreateObjectMapping: 0.205400 ms MarkObjects: 3.606100 ms  DeleteObjects: 0.255600 ms)

Prepare: number of updated asset objects reloaded= 0
AssetImportParameters requested are different than current active one (requested -> active):
  custom:container-demuxer-ogg: 62fdf1f143b41e24485cea50d1cbac27 -> 
  custom:video-decoder-ogg-theora: a1e56fd34408186e4bbccfd4996cb3dc -> 
  custom:framework-win-MediaFoundation: 216162199b28c13a410421893ffa2e32 -> 
  custom:CustomObjectIndexerAttribute: 9a22284fe3817be447336de3de66b15e -> 
  custom:container-demuxer-webm: 4f35f7cbe854078d1ac9338744f61a02 -> 
  custom:container-muxer-webm: aa71ff27fc2769a1b78a27578f13a17b -> 
  custom:video-decoder-webm-vp8: 9c59270c3fd7afecdb556c50c9e8de78 -> 
  custom:SearchIndexIgnoredProperties: e643bd26f0fe6173181afceb89e7c659 -> 
  custom:AudioImporter_EditorPlatform: d09bf68614088b80899f8185d706f6e7 -> 
  custom:video-encoder-webm-vp8: eb34c28f22e8b96e1ab97ce403110664 -> 
  custom:audio-decoder-ogg-vorbis: bf7c407c2cedff20999df2af8eb42d56 -> 
  custom:audio-encoder-webm-vorbis: bf7c407c2cedff20999df2af8eb42d56 -> 
